id,company_id,name,clid,color,color_id,status,managers,placements
5908,1525,09.3.3_Группа обслуживания и развития 1С ERP,nan,#D1F3FF,1,1,[],[]
7632,1525,11.4_Отдел по связям с общественностью,nan,#D1F3FF,1,1,[],[]
7385,1525,1. Юридическая служба,nan,#D1F3FF,1,1,[],[]
7330,1525,07.3_Производственная мастерская,nan,#D1F3FF,1,1,[],[]
7337,1525,09.3.4_Группа обслуживания и развития 1С ЗУП и ДО,nan,#D1F3FF,1,1,[],[]
7368,1525,09.3.3_Группа 1С,nan,#D1F3FF,1,1,[],[]
7392,1525,01.1.31_Отдел контроля магазина Петропавловск Камчатский-1,nan,#D1F3FF,1,1,[],[]
7366,1525,03.1_Отдел подбора персонала (офис/РЦ),nan,#D1F3FF,1,1,[],[]
4718,1525,08_Отдел контроля и предотвращения потерь,nan,#D1F3FF,1,1,[],[]
5909,1525,09.3.3_Группа обслуживания и развития 1С ERP,nan,#D1F3FF,1,1,[],[]
3018,1525,03.4.2_Группа по подбору персонала (розница),nan,#D1F3FF,1,1,[],[]
3022,1525,07.4_Отдел производственно-технического обеспечения,nan,#D1F3FF,1,1,[],[]
3026,1525,07.4.3_Группа строительства и запуска магазинов,nan,#D1F3FF,1,1,[],[]
3030,1525,01.1_Служба по предотвращению потерь,nan,#D1F3FF,1,1,[],[]
3038,1525,05.1.1_Группа по таможенному оформлению,nan,#D1F3FF,1,1,[],[]
3042,1525,05.2.2_Товарное направление Baby world,nan,#D1F3FF,1,1,[],[]
3046,1525,09.2_Проектный офис,nan,#D1F3FF,1,1,[],[]
4741,1525,08_Отдел контроля и предотвращения потерь,nan,#D1F3FF,1,1,[],[]
6097,1525,01.1.25_Отдел контроля магазина Новосибирск-1,nan,#D1F3FF,1,1,[],[]
4743,1525,02_Сотрудники магазина,nan,#D1F3FF,1,1,[],[]
3058,1525,02.1_Финансовый отдел,nan,#D1F3FF,1,1,[],[]
3062,1525,08_Департамент дистрибьюции,nan,#D1F3FF,1,1,[],[]
4767,1525,02_Сотрудники магазина,nan,#D1F3FF,1,1,[],[]
3071,1525,08.1_Финансово-административный отдел,nan,#D1F3FF,1,1,[],[]
3073,1525,02.6_Отдел планирования и бюджетного контроля,nan,#D1F3FF,1,1,[],[]
3075,1525,08.2_Отдел регионального развития Северо-запад/Центр/Поволжье,nan,#D1F3FF,1,1,[],[]
3077,1525,07.1_Отдел развития,nan,#D1F3FF,1,1,[],[]
3079,1525,05.4.2_Toys&games,nan,#D1F3FF,1,1,[],[]
3023,1525,Отдел по управлению недвижимостью,nan,#D1F3FF,1,1,[],[]
4793,1525,08_Отдел контроля и предотвращения потерь,nan,#D1F3FF,1,1,[],[]
4824,1525,04.3_Сотрудники торгового зала,nan,#D1F3FF,1,1,[],[]
4840,1525,08_Отдел контроля и предотвращения потерь,nan,#D1F3FF,1,1,[],[]
3034,1525,06.2.3_Группа парковки,nan,#D1F3FF,1,1,[],[]
3100,1525,03.4.2.1_Территориальный HR-центр,nan,#D1F3FF,1,1,[],[]
3101,1525,03.5.1.1_Территориальный HR-центр,nan,#D1F3FF,1,1,[],[]
7331,1525,07.3_Производственная мастерская,nan,#D1F3FF,1,1,[],[]
4843,1525,08_Отдел контроля и предотвращения потерь,nan,#D1F3FF,1,1,[],[]
9028,1525,2б_Отдел технической поддержки,nan,#D1F3FF,1,1,[],[]
4857,1525,03_Кассовый отдел,nan,#D1F3FF,1,1,[],[]
7369,1525,09.3.3_Группа 1С,nan,#D1F3FF,1,1,[],[]
3050,1525,03.2.2_Общий отдел,nan,#D1F3FF,1,1,[],[]
4783,1525,01_Администрация магазина БЛВ-1,nan,#D1F3FF,1,1,[],[]
4753,1525,02_Отдел управления ассортиментом и запасами магазина БЕЛ-1,nan,#D1F3FF,1,1,[],[]
3069,1525,4.1.2_Группа по управлению запасами РЦ,nan,#D1F3FF,1,1,[],[]
4759,1525,02_Отдел управления ассортиментом и запасами магазина БЕЛ-2,nan,#D1F3FF,1,1,[],[]
4775,1525,03_Служба торгового зала БРБ-1,nan,#D1F3FF,1,1,[],[]
4832,1525,03_Служба торгового зала ЕКТ-2,nan,#D1F3FF,1,1,[],[]
4850,1525,03_Служба торгового зала ИРК-1,nan,#D1F3FF,1,1,[],[]
8702,1525,Хабаровск-1,nan,#D1F3FF,1,1,[],[]
3529,1525,06.1_Распределительный центр,nan,#D1F3FF,1,1,[],[]
3081,1525,06.4.2_Группа технической поддержки бизнес-процессов,nan,#D1F3FF,1,1,[],[]
3083,1525,06.4.4_Группа технической поддержки,nan,#D1F3FF,1,1,[],[]
7332,1525,07.3_Производственная мастерская,nan,#D1F3FF,1,1,[],[]
7370,1525,09.3.3_Группа 1С,nan,#D1F3FF,1,1,[],[]
7393,1525,01.1.31_Отдел контроля магазина Петропавловск Камчатский-1,nan,#D1F3FF,1,1,[],[]
10285,1525,Владивосток-7,nan,#D1F3FF,1,1,[],[]
4730,1525,01_Администрация магазина АРТ-1,nan,#D1F3FF,1,1,[],[]
4794,1525,01_Администрация магазина БЛВ-2,nan,#D1F3FF,1,1,[],[]
4706,1525,01_Администрация магазина ВЛД-1,nan,#D1F3FF,1,1,[],[]
4719,1525,01_Администрация магазина ВЛД-2,nan,#D1F3FF,1,1,[],[]
4776,1525,02_Отдел управления ассортиментом и запасами магазина БРБ-1,nan,#D1F3FF,1,1,[],[]
4760,1525,03_ Служба торгового зала БЕЛ-2,nan,#D1F3FF,1,1,[],[]
4703,1525,03_Служба торгового зала ВЛД-1,nan,#D1F3FF,1,1,[],[]
4754,1525,04_Отдел обслуживания клиентов БЕЛ-1,nan,#D1F3FF,1,1,[],[]
3530,1525,09.1.1_Группа технической поддержки,nan,#D1F3FF,1,1,[],[]
4744,1525,03_Отдел учета ТМЦ,nan,#D1F3FF,1,1,[],[]
4768,1525,03_Отдел учета ТМЦ,nan,#D1F3FF,1,1,[],[]
4784,1525,02_Отдел приемки товара,nan,#D1F3FF,1,1,[],[]
4707,1525,02_Отдел приемки товара,nan,#D1F3FF,1,1,[],[]
3015,1525,03.3_Отдел проведения специальных психофизиологических исследований,nan,#D1F3FF,1,1,[],[]
7333,1525,07.3_Производственная мастерская,nan,#D1F3FF,1,1,[],[]
7371,1525,09.3.3_Группа 1С,nan,#D1F3FF,1,1,[],[]
7394,1525,01.1.31_Отдел контроля магазина Петропавловск Камчатский-1,nan,#D1F3FF,1,1,[],[]
3070,1525,4.1.3_Группа по управлению запасами магазинов,nan,#D1F3FF,1,1,[],[]
3019,1525,03.5_Служба документационного и хозяйственного обеспечения,nan,#D1F3FF,1,1,[],[]
3027,1525,07.4.4_Группа дизайна,nan,#D1F3FF,1,1,[],[]
3031,1525,01.1.1_Отдел контроля (РЦ Владивосток),nan,#D1F3FF,1,1,[],[]
3035,1525,03.6_Группа внутренних коммуникаций,nan,#D1F3FF,1,1,[],[]
3039,1525,05.1.2_Товарное направление TOYS&GAMES+BABY WORLD+Оборудование,nan,#D1F3FF,1,1,[],[]
3043,1525,05.2.3_Товарное направление Garment&shoes,nan,#D1F3FF,1,1,[],[]
3047,1525,05.3.1_Toys&games,nan,#D1F3FF,1,1,[],[]
3051,1525,07.2_Отдел рекламы,nan,#D1F3FF,1,1,[],[]
3055,1525,01_Руководство,nan,#D1F3FF,1,1,[],[]
3059,1525,02.2_Учетно-контрольный отдел,nan,#D1F3FF,1,1,[],[]
3063,1525,04_Департамент розничных продаж,nan,#D1F3FF,1,1,[],[]
3072,1525,Группа досудебного урегулирования споров,nan,#D1F3FF,1,1,[],[]
3074,1525,03.1_Отдел аттестации и оценки персонала,nan,#D1F3FF,1,1,[],[]
3076,1525,08.3_Отдел регионального развития СНГ/Юг/Сибирь/Урал/ДВ,nan,#D1F3FF,1,1,[],[]
3078,1525,05.3.3.3_Сезонная одежда,nan,#D1F3FF,1,1,[],[]
3080,1525,05.4.1_Baby world+Garment&shoes,nan,#D1F3FF,1,1,[],[]
4720,1525,02_Отдел приемки,nan,#D1F3FF,1,1,[],[]
6088,1525,03.3_Отдел проведения специальных психофизиологических исследований,nan,#D1F3FF,1,1,[],[]
6098,1525,01.1.43_Отдел контроля магазина Челябинск-2,nan,#D1F3FF,1,1,[],[]
4745,1525,02_Отдел управления ассортиментом и запасами магазина,nan,#D1F3FF,1,1,[],[]
4755,1525,Вспомогательный отдел,nan,#D1F3FF,1,1,[],[]
4844,1525,01_Администрация магазина ЕКТ-3,nan,#D1F3FF,1,1,[],[]
4777,1525,01_Руководители магазина,nan,#D1F3FF,1,1,[],[]
4785,1525,03_Кассовый отдел,nan,#D1F3FF,1,1,[],[]
4876,1525,01_Администрация магазина КМС-1,nan,#D1F3FF,1,1,[],[]
4886,1525,01_Администрация магазина КРС-1,nan,#D1F3FF,1,1,[],[]
4795,1525,02_Отдел приемки товара,nan,#D1F3FF,1,1,[],[]
4911,1525,01_Администрация магазина КРС-4,nan,#D1F3FF,1,1,[],[]
4825,1525,02_Отдел кадров,nan,#D1F3FF,1,1,[],[]
4833,1525,02_Отдел управления ассортиментом и запасами магазина ЕКТ-2,nan,#D1F3FF,1,1,[],[]
4769,1525,03_ Служба торгового зала БСК-1,nan,#D1F3FF,1,1,[],[]
4851,1525,04_Отдел учета ТМЦ,nan,#D1F3FF,1,1,[],[]
4731,1525,03_Служба торгового зала АРТ-1,nan,#D1F3FF,1,1,[],[]
4866,1525,03_Кассовый отдел,nan,#D1F3FF,1,1,[],[]
4939,1525,03_Служба торгового зала ННВ-1,nan,#D1F3FF,1,1,[],[]
4858,1525,03_Служба торгового зала ПКМ-1,nan,#D1F3FF,1,1,[],[]
4761,1525,04_Отдел обслуживания клиентов БЕЛ-2,nan,#D1F3FF,1,1,[],[]
8703,1525,Уссурийск-1,nan,#D1F3FF,1,1,[],[]
4882,1525,01_Руководители магазина,nan,#D1F3FF,1,1,[],[]
4892,1525,04.2_Руководители отделов,nan,#D1F3FF,1,1,[],[]
4898,1525,01_Администрация магазина,nan,#D1F3FF,1,1,[],[]
4899,1525,02_Сотрудники магазина,nan,#D1F3FF,1,1,[],[]
4905,1525,02.2_Менеджеры ПОК,nan,#D1F3FF,1,1,[],[]
4916,1525,03_Отдел обслуживания клиентов,nan,#D1F3FF,1,1,[],[]
4921,1525,02_Отдел приемки товара,nan,#D1F3FF,1,1,[],[]
4926,1525,01_Руководители магазина,nan,#D1F3FF,1,1,[],[]
4930,1525,02_Сотрудники магазина,nan,#D1F3FF,1,1,[],[]
4935,1525,01_Руководители магазина,nan,#D1F3FF,1,1,[],[]
4708,1525,03_Кассовый отдел,nan,#D1F3FF,1,1,[],[]
7334,1525,07.3_Производственная мастерская,nan,#D1F3FF,1,1,[],[]
7372,1525,09.3.2_Группа 1С ЗУП и ДО,nan,#D1F3FF,1,1,[],[]
7395,1525,01.1.31_Отдел контроля магазина Петропавловск Камчатский-1,nan,#D1F3FF,1,1,[],[]
4912,1525,05_Сотрудники магазина,nan,#D1F3FF,1,1,[],[]
9029,1525,1.3.3_Общий отдел,nan,#D1F3FF,1,1,[],[]
4732,1525,04_Отдел учета ТМЦ,nan,#D1F3FF,1,1,[],[]
4746,1525,03_Служба торгового зала,nan,#D1F3FF,1,1,[],[]
4756,1525,07_Служба торгового зала,nan,#D1F3FF,1,1,[],[]
9294,1525,5г. Отдел Понимания Shoes,nan,#D1F3FF,1,1,[],[]
4762,1525,01_Руководители магазина,nan,#D1F3FF,1,1,[],[]
4778,1525,04_Отдел учета ТМЦ,nan,#D1F3FF,1,1,[],[]
4818,1525,01_Администрация магазина ЕКТ-1,nan,#D1F3FF,1,1,[],[]
4852,1525,02_Отдел управления ассортиментом и запасами магазина ИРК-1,nan,#D1F3FF,1,1,[],[]
4940,1525,02_Отдел управления ассортиментом и запасами магазина ННВ-1,nan,#D1F3FF,1,1,[],[]
4786,1525,03_Служба торгового зала БЛВ-1,nan,#D1F3FF,1,1,[],[]
4796,1525,03_Служба торгового зала БЛВ-2,nan,#D1F3FF,1,1,[],[]
4721,1525,03_Служба торгового зала ВЛД-2,nan,#D1F3FF,1,1,[],[]
4887,1525,03_Служба торгового зала КРС-1,nan,#D1F3FF,1,1,[],[]
4922,1525,03_Служба торгового зала НХД-1,nan,#D1F3FF,1,1,[],[]
4810,1525,01_Руководители магазина,nan,#D1F3FF,1,1,[],[]
4816,1525,02_Отдел управления ассортиментом и запасами магазина,nan,#D1F3FF,1,1,[],[]
4867,1525,03_Служба торгового зала ПКМ-2,nan,#D1F3FF,1,1,[],[]
4770,1525,04_Отдел обслуживания клиентов БСК-1,nan,#D1F3FF,1,1,[],[]
4834,1525,04_Отдел обслуживания клиентов ЕКТ-2,nan,#D1F3FF,1,1,[],[]
3016,1525,03.4_Отдел подбора персонала,nan,#D1F3FF,1,1,[],[]
3024,1525,07.4.1_Группа проектирования и производства технологического и торгового оборудования,nan,#D1F3FF,1,1,[],[]
4826,1525,04_Отдел учета ТМЦ,nan,#D1F3FF,1,1,[],[]
3028,1525,07.4.5_Группа сопровождения,nan,#D1F3FF,1,1,[],[]
3032,1525,01.1.1.1_Группа контроля РЦ Владивосток,nan,#D1F3FF,1,1,[],[]
3036,1525,08.4_Отдел логистики,nan,#D1F3FF,1,1,[],[]
3040,1525,05.1.3_Товарное направление GARMENR&SHOES,nan,#D1F3FF,1,1,[],[]
3044,1525,05.3_Отдел управления торговым пространством,nan,#D1F3FF,1,1,[],[]
3048,1525,05.3.2_Baby world+Garment&shoes,nan,#D1F3FF,1,1,[],[]
3052,1525,06_Операционный департамент,nan,#D1F3FF,1,1,[],[]
4845,1525,03_Отдел учета ТМЦ,nan,#D1F3FF,1,1,[],[]
4859,1525,05_Отдел учета ТМЦ,nan,#D1F3FF,1,1,[],[]
4877,1525,02_Отдел приемки товара,nan,#D1F3FF,1,1,[],[]
4883,1525,03_Отдел обслуживания клиентов,nan,#D1F3FF,1,1,[],[]
4893,1525,03_Отдел обслуживания клиентов,nan,#D1F3FF,1,1,[],[]
4900,1525,03_Отдел учета ТМЦ,nan,#D1F3FF,1,1,[],[]
4906,1525,03_Отдел обслуживания клиентов,nan,#D1F3FF,1,1,[],[]
4917,1525,05_Кассовый отдел,nan,#D1F3FF,1,1,[],[]
4927,1525,05_Кассовый отдел,nan,#D1F3FF,1,1,[],[]
4931,1525,03_Отдел по учету ТМЦ,nan,#D1F3FF,1,1,[],[]
4936,1525,03_Отдел обслуживания клиентов,nan,#D1F3FF,1,1,[],[]
4944,1525,04.1_Администраторы,nan,#D1F3FF,1,1,[],[]
4948,1525,02_Отдел приемки,nan,#D1F3FF,1,1,[],[]
4951,1525,02_Отдел управления ассортиментом и запасами магазина,nan,#D1F3FF,1,1,[],[]
4954,1525,02_Отдел кадров,nan,#D1F3FF,1,1,[],[]
4957,1525,07_Служба торгового зала,nan,#D1F3FF,1,1,[],[]
6089,1525,03.4_Отдел подбора персонала,nan,#D1F3FF,1,1,[],[]
3056,1525,02_Контрольно-финансовый департамент,nan,#D1F3FF,1,1,[],[]
3064,1525,04.1_Отдел розничных продаж,nan,#D1F3FF,1,1,[],[]
4709,1525,05_Отдел учета ТМЦ,nan,#D1F3FF,1,1,[],[]
4722,1525,04_Отдел учета ТМЦ,nan,#D1F3FF,1,1,[],[]
4747,1525,04_Отдел обслуживания клиентов,nan,#D1F3FF,1,1,[],[]
4757,1525,08_Отдел контроля и предотвращения потерь,nan,#D1F3FF,1,1,[],[]
7373,1525,09.3.1_Группа бизнес-систем,nan,#D1F3FF,1,1,[],[]
7335,1525,Производственная мастерская,nan,#D1F3FF,1,1,[],[]
4763,1525,03_Отдел обслуживания клиентов,nan,#D1F3FF,1,1,[],[]
4959,1525,01_Администрация магазина НВС-2,nan,#D1F3FF,1,1,[],[]
4846,1525,02_Отдел управления ассортиментом и запасами магазина ЕКТ-3,nan,#D1F3FF,1,1,[],[]
4888,1525,02_Отдел управления ассортиментом и запасами магазина КРС-1,nan,#D1F3FF,1,1,[],[]
4967,1525,02_Отдел управления ассортиментом и запасами магазина НУР-1,nan,#D1F3FF,1,1,[],[]
4771,1525,03_Отдел обслуживания клиентов,nan,#D1F3FF,1,1,[],[]
4779,1525,05_Кассовый отдел,nan,#D1F3FF,1,1,[],[]
4787,1525,05_Отдел учета ТМЦ,nan,#D1F3FF,1,1,[],[]
4797,1525,04_Отдел учета ТМЦ,nan,#D1F3FF,1,1,[],[]
4811,1525,08_Отдел контроля и предотвращения потерь,nan,#D1F3FF,1,1,[],[]
4817,1525,04_Отдел обслуживания клиентов,nan,#D1F3FF,1,1,[],[]
4819,1525,02_Отдел приемки товара,nan,#D1F3FF,1,1,[],[]
4827,1525,05_Кассовый отдел,nan,#D1F3FF,1,1,[],[]
4932,1525,02_Отдел управления ассортиментом и запасами магазина НХД-2,nan,#D1F3FF,1,1,[],[]
4961,1525,03_Служба торгового зала НВС-2,nan,#D1F3FF,1,1,[],[]
4853,1525,04_Отдел обслуживания клиентов ИРК-1,nan,#D1F3FF,1,1,[],[]
4963,1525,04_Отдел обслуживания клиентов НВС-2,nan,#D1F3FF,1,1,[],[]
4941,1525,04_Отдел обслуживания клиентов ННВ-1,nan,#D1F3FF,1,1,[],[]
8704,1525,Камчатка-1,nan,#D1F3FF,1,1,[],[]
4835,1525,01_Руководители магазина,nan,#D1F3FF,1,1,[],[]
4860,1525,03_Отдел обслуживания клиентов,nan,#D1F3FF,1,1,[],[]
4868,1525,05_Отдел учета ТМЦ,nan,#D1F3FF,1,1,[],[]
4878,1525,03_Кассовый отдел,nan,#D1F3FF,1,1,[],[]
4884,1525,07_Служба торгового зала,nan,#D1F3FF,1,1,[],[]
3057,1525,02.3_Юридический отдел,nan,#D1F3FF,1,1,[],[]
4894,1525,04_Отдел учета ТМЦ,nan,#D1F3FF,1,1,[],[]
3013,1525,03.1_Отдел аттестации  и развития персонала,nan,#D1F3FF,1,1,[],[]
3060,1525,02.4_Ревизионный отдел,nan,#D1F3FF,1,1,[],[]
4901,1525,02_Отдел управления ассортиментом и запасами магазина,nan,#D1F3FF,1,1,[],[]
4907,1525,04_Отдел учета ТМЦ,nan,#D1F3FF,1,1,[],[]
4913,1525,03_Отдел учета ТМЦ,nan,#D1F3FF,1,1,[],[]
4918,1525,07_Служба торгового зала,nan,#D1F3FF,1,1,[],[]
4923,1525,04_Отдел по учету ТМЦ,nan,#D1F3FF,1,1,[],[]
4928,1525,08_Отдел контроля и предотвращения потерь,nan,#D1F3FF,1,1,[],[]
4937,1525,07_Служба торгового зала,nan,#D1F3FF,1,1,[],[]
4945,1525,Вспомогательный отдел,nan,#D1F3FF,1,1,[],[]
4949,1525,03_Служба торгового зала,nan,#D1F3FF,1,1,[],[]
4952,1525,04_Отдел обслуживания клиентов,nan,#D1F3FF,1,1,[],[]
4955,1525,03_Отдел обслуживания клиентов,nan,#D1F3FF,1,1,[],[]
4958,1525,08_Отдел контроля и предотвращения потерь,nan,#D1F3FF,1,1,[],[]
4965,1525,07_Служба торгового зала,nan,#D1F3FF,1,1,[],[]
4969,1525,01_Администрация магазина,nan,#D1F3FF,1,1,[],[]
4970,1525,03_Служба торгового зала,nan,#D1F3FF,1,1,[],[]
4971,1525,02_Отдел управления ассортиментом и запасами магазина,nan,#D1F3FF,1,1,[],[]
4972,1525,04_Отдел обслуживания клиентов,nan,#D1F3FF,1,1,[],[]
3017,1525,03.4.1_Группа по подбору персонала (Офис/РЦ),nan,#D1F3FF,1,1,[],[]
7336,1525,02.5_Отдел контроллинга,nan,#D1F3FF,1,1,[],[]
7374,1525,09.3.1_Группа бизнес-систем,nan,#D1F3FF,1,1,[],[]
3054,1525,1. Секция планирования закупок,nan,#D1F3FF,1,1,[],[]
3105,1525,4.1.1_Процессинговая группа,nan,#D1F3FF,1,1,[],[]
4812,1525,01_Администрация магазина АРС-1,nan,#D1F3FF,1,1,[],[]
4723,1525,01_Руководители магазина,nan,#D1F3FF,1,1,[],[]
4710,1525,02_Отдел управления ассортиментом и запасами магазина ВЛД-1,nan,#D1F3FF,1,1,[],[]
4748,1525,03_Отдел обслуживания клиентов,nan,#D1F3FF,1,1,[],[]
3021,1525,03.5.2_Ресепшн,nan,#D1F3FF,1,1,[],[]
3025,1525,07.4.2_Группа проектирования,nan,#D1F3FF,1,1,[],[]
3029,1525,07.4.6_Производственная мастерская,nan,#D1F3FF,1,1,[],[]
3033,1525,01.1.1.2_Группа контроля СПХ,nan,#D1F3FF,1,1,[],[]
3037,1525,05.1_Отдел внешне-экономической деятельности,nan,#D1F3FF,1,1,[],[]
3041,1525,05.2.1_Товарное направление Toys&games,nan,#D1F3FF,1,1,[],[]
4764,1525,05_Кассовый отдел,nan,#D1F3FF,1,1,[],[]
3045,1525,09.1_Процессный офис,nan,#D1F3FF,1,1,[],[]
3049,1525,03.2_Отдел развития персонала,nan,#D1F3FF,1,1,[],[]
3053,1525,05_Коммерческий департамент,nan,#D1F3FF,1,1,[],[]
3065,1525,06.1_Служба логистики,nan,#D1F3FF,1,1,[],[]
3115,1525,Секция открытия новых магазинов,nan,#D1F3FF,1,1,[],[]
2395,1525,03_HR-департамент,nan,#2898FF,271,1,[],[]
3102,1525,08.2_Отдел регионального развития,nan,#D1F3FF,1,1,[],[]
3103,1525,08.3_Отдел продаж ключевым клиентам,nan,#D1F3FF,1,1,[],[]
3104,1525,Отдел организационного развития,nan,#D1F3FF,1,1,[],[]
3106,1525,03.6_Группа по аттестации и оценке персонала,nan,#D1F3FF,1,1,[],[]
3107,1525,02.6_Группа планирования и бюджетного контроля,nan,#D1F3FF,1,1,[],[]
3108,1525,02.3_Группа методологии учета,nan,#D1F3FF,1,1,[],[]
3109,1525,09_Департамент информационных технологий,nan,#D1F3FF,1,1,[],[]
3110,1525,09.1_Отдел информационных технологий,nan,#D1F3FF,1,1,[],[]
3111,1525,09.1.1_Группа бизнес-аналитики,nan,#D1F3FF,1,1,[],[]
4772,1525,07_Служба торгового зала,nan,#D1F3FF,1,1,[],[]
3113,1525,09.1.3_Группа запуска магазинов,nan,#D1F3FF,1,1,[],[]
3114,1525,09.1.4_Группа технической поддержки,nan,#D1F3FF,1,1,[],[]
3116,1525,07.2_Группа проектирования и дизайна,nan,#D1F3FF,1,1,[],[]
3118,1525,07.4_Производственная мастерская,nan,#D1F3FF,1,1,[],[]
3119,1525,03.5.2_Группа подбора и адаптации персонала розницы,nan,#D1F3FF,1,1,[],[]
3121,1525,06.3.5,nan,#D1F3FF,1,1,[],[]
4780,1525,07_Служба торгового зала,nan,#D1F3FF,1,1,[],[]
4869,1525,02_Отдел управления ассортиментом и запасами магазина ПКМ-2,nan,#D1F3FF,1,1,[],[]
4820,1525,03_Служба торгового зала ЕКТ-1,nan,#D1F3FF,1,1,[],[]
4879,1525,03_Служба торгового зала КМС-1,nan,#D1F3FF,1,1,[],[]
4734,1525,04_Отдел обслуживания клиентов АРТ-1,nan,#D1F3FF,1,1,[],[]
4847,1525,04_Отдел обслуживания клиентов ЕКТ-3,nan,#D1F3FF,1,1,[],[]
4889,1525,04_Отдел обслуживания клиентов КРС-1,nan,#D1F3FF,1,1,[],[]
3117,1525,Секция технической эксплуатации магазинов и ГО,nan,#D1F3FF,1,1,[],[]
3120,1525,6_Департамент развития,nan,#D1F3FF,1,1,[],[]
3068,1525,Секция планирования маршрутов и графиков доставки,nan,#D1F3FF,1,1,[],[]
4788,1525,Временные сотрудники,nan,#D1F3FF,1,1,[],[]
4798,1525,01_Руководители магазина,nan,#D1F3FF,1,1,[],[]
3061,1525,06.4.1_Группа бизнес-аналитики,nan,#D1F3FF,1,1,[],[]
4828,1525,07_Служба торгового зала,nan,#D1F3FF,1,1,[],[]
4836,1525,03_Отдел обслуживания клиентов,nan,#D1F3FF,1,1,[],[]
4854,1525,08_Отдел контроля и предотвращения потерь,nan,#D1F3FF,1,1,[],[]
4861,1525,05_Кассовый отдел,nan,#D1F3FF,1,1,[],[]
4885,1525,08_Отдел контроля и предотвращения потерь,nan,#D1F3FF,1,1,[],[]
4895,1525,05_Кассовый отдел,nan,#D1F3FF,1,1,[],[]
4902,1525,03_Служба торгового зала,nan,#D1F3FF,1,1,[],[]
4908,1525,06_Отдел приемки товара,nan,#D1F3FF,1,1,[],[]
6090,1525,03.4.1_Группа по подбору персонала (Офис/РЦ),nan,#D1F3FF,1,1,[],[]
8705,1525,Находка-1,nan,#D1F3FF,1,1,[],[]
9030,1525,1.3.2_Группа кадрового делопроизводства (магазины),nan,#D1F3FF,1,1,[],[]
9295,1525,Функции отдела Понимания BW,nan,#D1F3FF,1,1,[],[]
9312,1525,6. Секция графического дизайна BW,nan,#D1F3FF,1,1,[],[]
9329,1525,4. Секция торгового оборудования T&G,nan,#D1F3FF,1,1,[],[]
9346,1525,3.4. Сектор каталога G,nan,#D1F3FF,1,1,[],[]
9363,1525,3.3. Сектор каталога S,nan,#D1F3FF,1,1,[],[]
3392,1525,05.4_Отдел продвижения и рекламы,nan,#D1F3FF,1,1,[],[]
3393,1525,09.2.1_Группа администрирования систем,nan,#D1F3FF,1,1,[],[]
3394,1525,09.2.2_Группа администрирования сетей,nan,#D1F3FF,1,1,[],[]
7430,1525,Учебный центр,nan,#D1F3FF,1,1,[],[]
7446,1525,03.2.1.2_Группа кадрового делопроизводства (магазины),nan,#D1F3FF,1,1,[],[]
6350,1525,09.3.4_Группа анализа и проектирования,nan,#D1F3FF,1,1,[],[]
7367,1525,03.1_Отдел подбора персонала (офис/РЦ),nan,#D1F3FF,1,1,[],[]
7546,1525,11.1_Отдел разработки контента,nan,#D1F3FF,1,1,[],[]
7547,1525,11.2_Отдел по работе с постоянными клиентами,nan,#D1F3FF,1,1,[],[]
4711,1525,04_Отдел обслуживания клиентов ВЛД-1,nan,#D1F3FF,1,1,[],[]
8706,1525,Челябинск-2,nan,#D1F3FF,1,1,[],[]
7431,1525,Учебный центр,nan,#D1F3FF,1,1,[],[]
7447,1525,03.2.1.1_Группа кадрового делопроизводства (офис/РЦ),nan,#D1F3FF,1,1,[],[]
7548,1525,11.3_Отдел привлечения новых клиентов,nan,#D1F3FF,1,1,[],[]
3793,1525,09.3.1_Группа обслуживания бизнес-систем,nan,#D1F3FF,1,1,[],[]
3794,1525,09.1.2_Группа техподдержки магазинов,nan,#D1F3FF,1,1,[],[]
3795,1525,09.2.1_Группа администрирования серверов,nan,#D1F3FF,1,1,[],[]
3796,1525,09.2.2_Группа администрирования сетей,nan,#D1F3FF,1,1,[],[]
3797,1525,09.3.3_Группа развития 1С ERP,nan,#D1F3FF,1,1,[],[]
4724,1525,Вспомогательный отдел,nan,#D1F3FF,1,1,[],[]
3799,1525,09.1.1_Группа первой линии техподдержки,nan,#D1F3FF,1,1,[],[]
3800,1525,09.1_Отдел техподдержки,nan,#D1F3FF,1,1,[],[]
3801,1525,09.3_Отдел обслуживания и развития систем,nan,#D1F3FF,1,1,[],[]
4712,1525,Владивосток-1,nan,#D1F3FF,1,1,[],[]
4725,1525,03_Отдел обслуживания клиентов,nan,#D1F3FF,1,1,[],[]
4735,1525,01_Руководители магазина,nan,#D1F3FF,1,1,[],[]
4749,1525,07_Служба торгового зала,nan,#D1F3FF,1,1,[],[]
4765,1525,07_Служба торгового зала,nan,#D1F3FF,1,1,[],[]
4773,1525,08_Отдел контроля и предотвращения потерь,nan,#D1F3FF,1,1,[],[]
4781,1525,08_Отдел контроля и предотвращения потерь,nan,#D1F3FF,1,1,[],[]
4789,1525,03_Отдел обслуживания клиентов,nan,#D1F3FF,1,1,[],[]
7448,1525,03.2.1.1_Группа кадрового делопроизводства (офис/РЦ),nan,#D1F3FF,1,1,[],[]
9031,1525,1.3.1_Группа кадрового делопроизводства (офис/РЦ),nan,#D1F3FF,1,1,[],[]
9296,1525,1.1.Сектор формирования структуры ассортимента BW,nan,#D1F3FF,1,1,[],[]
9313,1525,Функции отдела Понимания T&G,nan,#D1F3FF,1,1,[],[]
9330,1525,5. Секция indoor-промоакций T&G,nan,#D1F3FF,1,1,[],[]
9347,1525,4. Секция торгового оборудования G,nan,#D1F3FF,1,1,[],[]
8387,1525,07.3_Служба финансов и ценных активов,nan,#D1F3FF,1,1,[],[]
4799,1525,05_Кассовый отдел,nan,#D1F3FF,1,1,[],[]
10328,1525,01_Администрация магазина АРТ-2,nan,#D1F3FF,1,1,[],[]
6091,1525,03.4.2_Группа по подбору персонала (розница),nan,#D1F3FF,1,1,[],[]
8371,1525,Камчатка-1,nan,#D1F3FF,1,1,[],[]
4813,1525,02_Отдел приемки товара,nan,#D1F3FF,1,1,[],[]
4821,1525,04_Отдел учета ТМЦ,nan,#D1F3FF,1,1,[],[]
4829,1525,08_Отдел контроля и предотвращения потерь,nan,#D1F3FF,1,1,[],[]
4837,1525,05_Кассовый отдел,nan,#D1F3FF,1,1,[],[]
4862,1525,07_Служба торгового зала,nan,#D1F3FF,1,1,[],[]
3886,1525,03_Служба торгового зала,nan,#D1F3FF,1,1,[],[]
3887,1525,03_Служба торгового зала,nan,#D1F3FF,1,1,[],[]
3888,1525,03_Служба торгового зала,nan,#D1F3FF,1,1,[],[]
3889,1525,03_Служба торгового зала,nan,#D1F3FF,1,1,[],[]
3890,1525,03_Служба торгового зала,nan,#D1F3FF,1,1,[],[]
3891,1525,03_Служба торгового зала,nan,#D1F3FF,1,1,[],[]
3892,1525,03_Служба торгового зала,nan,#D1F3FF,1,1,[],[]
3893,1525,03_Служба торгового зала,nan,#D1F3FF,1,1,[],[]
3894,1525,03_Служба торгового зала,nan,#D1F3FF,1,1,[],[]
3895,1525,03_Служба торгового зала,nan,#D1F3FF,1,1,[],[]
3896,1525,03_Служба торгового зала,nan,#D1F3FF,1,1,[],[]
3897,1525,03_Служба торгового зала,nan,#D1F3FF,1,1,[],[]
3898,1525,03_Служба торгового зала,nan,#D1F3FF,1,1,[],[]
3899,1525,03_Служба торгового зала,nan,#D1F3FF,1,1,[],[]
3900,1525,03_Служба торгового зала,nan,#D1F3FF,1,1,[],[]
3901,1525,03_Служба торгового зала,nan,#D1F3FF,1,1,[],[]
3902,1525,03_Служба торгового зала,nan,#D1F3FF,1,1,[],[]
3903,1525,03_Служба торгового зала,nan,#D1F3FF,1,1,[],[]
3904,1525,03_Служба торгового зала,nan,#D1F3FF,1,1,[],[]
3905,1525,03_Служба торгового зала,nan,#D1F3FF,1,1,[],[]
3906,1525,03_Служба торгового зала,nan,#D1F3FF,1,1,[],[]
8391,1525,01.1.17_Отдел контроля магазина Екатеринбург-3,nan,#D1F3FF,1,1,[],[]
6125,1525,01.1.40_Отдел контроля магазина Хабаровск-2,nan,#D1F3FF,1,1,[],[]
8453,1525,09.3.4_Группа сопровождения E-com,nan,#D1F3FF,1,1,[],[]
8465,1525,11_Департамент маркетинга,nan,#D1F3FF,1,1,[],[]
3885,1525,03_Служба торгового зала УСР-1,nan,#D1F3FF,1,1,[],[]
8372,1525,Камчатка-2,nan,#D1F3FF,1,1,[],[]
7883,1525,Группа разработки обучающих курсов,nan,#D1F3FF,1,1,[],[]
4713,1525,01_Руководители магазина,nan,#D1F3FF,1,1,[],[]
4726,1525,04_Отдел учета ТМЦ,nan,#D1F3FF,1,1,[],[]
4736,1525,03_Отдел обслуживания клиентов,nan,#D1F3FF,1,1,[],[]
4750,1525,08_Отдел контроля и предотвращения потерь,nan,#D1F3FF,1,1,[],[]
7888,1525,05_Кассовый отдел,nan,#D1F3FF,1,1,[],[]
4814,1525,03_Служба торгового зала АРС-1,nan,#D1F3FF,1,1,[],[]
8707,1525,Екатеринбург-2,nan,#D1F3FF,1,1,[],[]
7905,1525,02.3_Ревизионный отдел,nan,#D1F3FF,1,1,[],[]
8939,1525,Владивосток-6,nan,#D1F3FF,1,1,[],[]
7936,1525,Проектный офис,nan,#D1F3FF,1,1,[],[]
7898,1525,08.1_Планово-экономический отдел,nan,#D1F3FF,1,1,[],[]
4790,1525,05_Кассовый отдел,nan,#D1F3FF,1,1,[],[]
4800,1525,06_Отдел приемки,nan,#D1F3FF,1,1,[],[]
7957,1525,11.1_Отдел создания контента,nan,#D1F3FF,1,1,[],[]
4056,1525,09.3.2_Группа развития бизнес-систем,nan,#D1F3FF,1,1,[],[]
8009,1525,Тест,nan,#D1F3FF,1,1,[],[]
8026,1525,Тест,nan,#D1F3FF,1,1,[],[]
4066,1525,04_Кассовый отдел,nan,#D1F3FF,1,1,[],[]
4137,1525,03_Служба торгового зала,nan,#D1F3FF,1,1,[],[]
4138,1525,03_Служба торгового зала,nan,#D1F3FF,1,1,[],[]
4139,1525,03_Служба торгового зала,nan,#D1F3FF,1,1,[],[]
4140,1525,03_Служба торгового зала,nan,#D1F3FF,1,1,[],[]
4141,1525,03_Служба торгового зала,nan,#D1F3FF,1,1,[],[]
4145,1525,03_Служба торгового зала,nan,#D1F3FF,1,1,[],[]
7884,1525,Группа разработки обучающих курсов,nan,#D1F3FF,1,1,[],[]
7889,1525,01.1.3.1_Отдел контроля магазина Арсеньев-1,nan,#D1F3FF,1,1,[],[]
6126,1525,01.1.40_Отдел контроля магазина Хабаровск-2,nan,#D1F3FF,1,1,[],[]
4146,1525,03_Служба торгового зала,nan,#D1F3FF,1,1,[],[]
4149,1525,03_Служба торгового зала,nan,#D1F3FF,1,1,[],[]
4150,1525,03_Служба торгового зала,nan,#D1F3FF,1,1,[],[]
4151,1525,03_Служба торгового зала,nan,#D1F3FF,1,1,[],[]
4152,1525,03_Служба торгового зала,nan,#D1F3FF,1,1,[],[]
4153,1525,03_Служба торгового зала,nan,#D1F3FF,1,1,[],[]
7937,1525,Проектный офис,nan,#D1F3FF,1,1,[],[]
6092,1525,03.2_Служба документационного и хозяйственного обеспечения,nan,#D1F3FF,1,1,[],[]
8027,1525,Размещение тест,nan,#D1F3FF,1,1,[],[]
4154,1525,03_Служба торгового зала,nan,#D1F3FF,1,1,[],[]
4159,1525,03_Служба торгового зала,nan,#D1F3FF,1,1,[],[]
4160,1525,03_Служба торгового зала,nan,#D1F3FF,1,1,[],[]
4162,1525,03_Служба торгового зала,nan,#D1F3FF,1,1,[],[]
8940,1525,Нижневартовск-1,nan,#D1F3FF,1,1,[],[]
7899,1525,1. Группа управленческой отчетности,nan,#D1F3FF,1,1,[],[]
4163,1525,03_Служба торгового зала,nan,#D1F3FF,1,1,[],[]
4164,1525,03_Служба торгового зала,nan,#D1F3FF,1,1,[],[]
4165,1525,03_Служба торгового зала,nan,#D1F3FF,1,1,[],[]
4166,1525,03_Служба торгового зала,nan,#D1F3FF,1,1,[],[]
4067,1525,03_Служба торгового зала,nan,#D1F3FF,1,1,[],[]
9297,1525,1.4.Сектор управления планограммами BW,nan,#D1F3FF,1,1,[],[]
9032,1525,1.3_Служба документационного и хозяйственного обеспечения,nan,#D1F3FF,1,1,[],[]
8500,1525,2Е_Департамент E-commerce,nan,#D1F3FF,1,1,[],[]
7906,1525,3.3_Ревизионный отдел,nan,#D1F3FF,1,1,[],[]
10329,1525,02_Отдел управления ассортиментом и запасами магазина АРТ-2,nan,#D1F3FF,1,1,[],[]
9314,1525,1. Секция планирования ассортимента T&G,nan,#D1F3FF,1,1,[],[]
9331,1525,5.1. Сектор акционного буклета T&G,nan,#D1F3FF,1,1,[],[]
9348,1525,5. Секция indoor-промоакций G,nan,#D1F3FF,1,1,[],[]
9364,1525,4. Секция тогового оборудования S,nan,#D1F3FF,1,1,[],[]
4134,1525,02_Отдел приемки товара,nan,#D1F3FF,1,1,[],[]
4135,1525,02_Отдел приемки товара,nan,#D1F3FF,1,1,[],[]
4142,1525,02_Сотрудники магазина,nan,#D1F3FF,1,1,[],[]
4143,1525,02_Отдел приемки товара,nan,#D1F3FF,1,1,[],[]
4144,1525,02_Отдел приемки товара,nan,#D1F3FF,1,1,[],[]
4147,1525,02_Отдел приемки товара,nan,#D1F3FF,1,1,[],[]
4148,1525,02_Сотрудники магазина,nan,#D1F3FF,1,1,[],[]
4155,1525,02_Сотрудники магазина,nan,#D1F3FF,1,1,[],[]
4156,1525,02_Сотрудники магазина,nan,#D1F3FF,1,1,[],[]
4157,1525,02_Сотрудники магазина,nan,#D1F3FF,1,1,[],[]
4158,1525,02_Сотрудники магазина,nan,#D1F3FF,1,1,[],[]
4161,1525,02_Сотрудники магазина,nan,#D1F3FF,1,1,[],[]
4169,1525,03_Отдел приемки товара,nan,#D1F3FF,1,1,[],[]
8493,1525,Отдел управления контентом,nan,#D1F3FF,1,1,[],[]
4991,1525,01_ Администрация магазина ТМС-1,nan,#D1F3FF,1,1,[],[]
5040,1525,01_Администрация магазина ХБР-3,nan,#D1F3FF,1,1,[],[]
6141,1525,01_Администрация магазина ХБР-4,nan,#D1F3FF,1,1,[],[]
4733,1525,02_Отдел управления ассортиментом и запасами магазина АРТ-1,nan,#D1F3FF,1,1,[],[]
4068,1525,03_Служба торгового зала ЮСХ-3,nan,#D1F3FF,1,1,[],[]
5047,1525,03_Служба торгового зала ЯКТ-1,nan,#D1F3FF,1,1,[],[]
5045,1525,04_Отдел обслуживания клиентов ХБР-3,nan,#D1F3FF,1,1,[],[]
7890,1525,01.1.3.1_Отдел контроля магазина Арсеньев-1,nan,#D1F3FF,1,1,[],[]
7900,1525,Тренинг-центр,nan,#D1F3FF,1,1,[],[]
7907,1525,02.2_Учетно-контрольный отдел,nan,#D1F3FF,1,1,[],[]
4714,1525,04.3_Сотрудники торгового зала,nan,#D1F3FF,1,1,[],[]
4727,1525,05_Кассовый отдел,nan,#D1F3FF,1,1,[],[]
4737,1525,04_Отдел учета ТМЦ,nan,#D1F3FF,1,1,[],[]
7938,1525,4. Проектный офис,nan,#D1F3FF,1,1,[],[]
4830,1525,01_Администрация магазина ЕКТ-2,nan,#D1F3FF,1,1,[],[]
4848,1525,01_Администрация магазина ИРК-1,nan,#D1F3FF,1,1,[],[]
4855,1525,01_Администрация магазина ПКМ-1,nan,#D1F3FF,1,1,[],[]
4791,1525,06_Отдел приемки товара,nan,#D1F3FF,1,1,[],[]
4801,1525,07_Служба торгового зала,nan,#D1F3FF,1,1,[],[]
4815,1525,04_Отдел учета ТМЦ,nan,#D1F3FF,1,1,[],[]
4864,1525,01_Администрация магазина ПКМ-2,nan,#D1F3FF,1,1,[],[]
5051,1525,02_Отдел управления ассортиментом и запасами магазина БСК-1,nan,#D1F3FF,1,1,[],[]
4822,1525,02_Отдел управления ассортиментом и запасами магазина ЕКТ-1,nan,#D1F3FF,1,1,[],[]
4914,1525,02_Отдел управления ассортиментом и запасами магазина КРС-4,nan,#D1F3FF,1,1,[],[]
4924,1525,02_Отдел управления ассортиментом и запасами магазина НХД-1,nan,#D1F3FF,1,1,[],[]
4838,1525,06_Отдел приемки товара,nan,#D1F3FF,1,1,[],[]
4841,1525,06_Отдел приемки товара,nan,#D1F3FF,1,1,[],[]
4933,1525,03_Служба торгового зала НХД-2,nan,#D1F3FF,1,1,[],[]
4968,1525,04_Отдел обслуживания клиентов НУР-1,nan,#D1F3FF,1,1,[],[]
8519,1525,Тюмень-1,nan,#D1F3FF,1,1,[],[]
8708,1525,Екатеринбург-1,nan,#D1F3FF,1,1,[],[]
8951,1525,5_Департамент качества и квалификации,nan,#D1F3FF,1,1,[],[]
4863,1525,08_Отдел контроля и предотвращения потерь,nan,#D1F3FF,1,1,[],[]
4870,1525,01_Руководители магазина,nan,#D1F3FF,1,1,[],[]
4880,1525,05_Отдел учета ТМЦ,nan,#D1F3FF,1,1,[],[]
4890,1525,01_Руководители магазина,nan,#D1F3FF,1,1,[],[]
4896,1525,07_Служба торгового зала,nan,#D1F3FF,1,1,[],[]
4903,1525,04_Отдел обслуживания клиентов,nan,#D1F3FF,1,1,[],[]
4909,1525,07_Служба торгового зала,nan,#D1F3FF,1,1,[],[]
4919,1525,08_Отдел контроля и предотвращения потерь,nan,#D1F3FF,1,1,[],[]
4942,1525,Нижний Новгород-1,nan,#D1F3FF,1,1,[],[]
4946,1525,07_Служба торгового зала,nan,#D1F3FF,1,1,[],[]
4950,1525,04_Отдел учета ТМЦ,nan,#D1F3FF,1,1,[],[]
4953,1525,01_Руководители магазина,nan,#D1F3FF,1,1,[],[]
4956,1525,05_Кассовый отдел,nan,#D1F3FF,1,1,[],[]
4261,1525,08.1_Финансово-административный отдел,nan,#D1F3FF,1,1,[],[]
4262,1525,08.1_Финансово-административный отдел,nan,#D1F3FF,1,1,[],[]
4263,1525,Группа парковки,nan,#D1F3FF,1,1,[],[]
4264,1525,Группа парковки,nan,#D1F3FF,1,1,[],[]
4960,1525,02_Отдел приемки товара,nan,#D1F3FF,1,1,[],[]
4962,1525,04_Отдел учета ТМЦ,nan,#D1F3FF,1,1,[],[]
4964,1525,05_Кассовый отдел,nan,#D1F3FF,1,1,[],[]
4269,1525,08.1_Финансово-административный отдел,nan,#D1F3FF,1,1,[],[]
4270,1525,08.1_Финансово-административный отдел,nan,#D1F3FF,1,1,[],[]
4271,1525,08.1_Финансово-административный отдел,nan,#D1F3FF,1,1,[],[]
4966,1525,08_Отдел контроля и предотвращения потерь,nan,#D1F3FF,1,1,[],[]
4274,1525,08.3_Отдел продаж ключевым клиентам,nan,#D1F3FF,1,1,[],[]
4275,1525,08.3_Отдел продаж ключевым клиентам,nan,#D1F3FF,1,1,[],[]
4276,1525,08.3_Отдел продаж ключевым клиентам,nan,#D1F3FF,1,1,[],[]
4277,1525,08.3_Отдел продаж ключевым клиентам,nan,#D1F3FF,1,1,[],[]
4279,1525,08.3_Отдел продаж ключевым клиентам,nan,#D1F3FF,1,1,[],[]
4287,1525,08.2_Отдел регионального развития,nan,#D1F3FF,1,1,[],[]
4288,1525,08.3_Отдел продаж ключевым клиентам,nan,#D1F3FF,1,1,[],[]
4289,1525,Департамент дистрибьюции,nan,#D1F3FF,1,1,[],[]
4265,1525,(новый) Отдел по управлению недвижимостью,nan,#D1F3FF,1,1,[],[]
4290,1525,08.2_Отдел регионального развития,nan,#D1F3FF,1,1,[],[]
4291,1525,Группа парковки,nan,#D1F3FF,1,1,[],[]
4292,1525,08.2_Отдел регионального развития,nan,#D1F3FF,1,1,[],[]
4293,1525,08.2_Отдел регионального развития,nan,#D1F3FF,1,1,[],[]
4294,1525,Департамент дистрибьюции,nan,#D1F3FF,1,1,[],[]
4295,1525,08.3_Отдел продаж ключевым клиентам,nan,#D1F3FF,1,1,[],[]
4296,1525,08.4_Отдел логистики,nan,#D1F3FF,1,1,[],[]
4297,1525,08.2_Отдел регионального развития,nan,#D1F3FF,1,1,[],[]
4298,1525,08.4_Отдел логистики,nan,#D1F3FF,1,1,[],[]
4715,1525,05_Кассовый отдел,nan,#D1F3FF,1,1,[],[]
4300,1525,08.1_Финансово-административный отдел,nan,#D1F3FF,1,1,[],[]
4301,1525,08.3_Отдел продаж ключевым клиентам,nan,#D1F3FF,1,1,[],[]
4302,1525,Департамент дистрибьюции,nan,#D1F3FF,1,1,[],[]
4303,1525,08.3_Отдел продаж ключевым клиентам,nan,#D1F3FF,1,1,[],[]
4304,1525,08.2_Отдел регионального развития,nan,#D1F3FF,1,1,[],[]
4305,1525,Группа парковки,nan,#D1F3FF,1,1,[],[]
4306,1525,Группа парковки,nan,#D1F3FF,1,1,[],[]
4307,1525,Группа парковки,nan,#D1F3FF,1,1,[],[]
4308,1525,08.1_Финансово-административный отдел,nan,#D1F3FF,1,1,[],[]
4309,1525,08.4_Отдел логистики,nan,#D1F3FF,1,1,[],[]
4310,1525,08.1_Финансово-административный отдел,nan,#D1F3FF,1,1,[],[]
4311,1525,08.2_Отдел регионального развития,nan,#D1F3FF,1,1,[],[]
4728,1525,07_Служба торгового зала,nan,#D1F3FF,1,1,[],[]
4313,1525,08.4_Отдел логистики,nan,#D1F3FF,1,1,[],[]
4738,1525,05_Кассовый отдел,nan,#D1F3FF,1,1,[],[]
7891,1525,01.1.3.1_Отдел контроля магазина Арсеньев-1,nan,#D1F3FF,1,1,[],[]
7908,1525,02.2_Учетно-контрольный отдел,nan,#D1F3FF,1,1,[],[]
4328,1525,04.1_Отдел сбора заказов,nan,#D1F3FF,1,1,[],[]
4342,1525,"04.1.2_Группа сбора ""Мезонин""",nan,#D1F3FF,1,1,[],[]
10330,1525,03_Служба торгового зала АРТ-2,nan,#D1F3FF,1,1,[],[]
4325,1525,01_Учетно-аналитический отдел,nan,#D1F3FF,1,1,[],[]
4326,1525,02_Отдел приемки,nan,#D1F3FF,1,1,[],[]
4327,1525,03_Отдел размещения и пополнения,nan,#D1F3FF,1,1,[],[]
4330,1525,06_Склад материально-технического обеспечения,nan,#D1F3FF,1,1,[],[]
4331,1525,07_Группа Клининга,nan,#D1F3FF,1,1,[],[]
4332,1525,01.1_Группа аналитики и диспетчеризации,nan,#D1F3FF,1,1,[],[]
4333,1525,01.2_Группа контроля сбора,nan,#D1F3FF,1,1,[],[]
4334,1525,01.3_Группа по претензионной работе с некондиционным товаром,nan,#D1F3FF,1,1,[],[]
4335,1525,02.1_Группа разгрузки,nan,#D1F3FF,1,1,[],[]
4336,1525,02.2_Группа сортировки,nan,#D1F3FF,1,1,[],[]
4337,1525,02.3_Группа приемки,nan,#D1F3FF,1,1,[],[]
4338,1525,03.1_Группа штабелеров,nan,#D1F3FF,1,1,[],[]
4339,1525,"03.2_Группа размещения и пополнения ""Стеллаж""",nan,#D1F3FF,1,1,[],[]
4340,1525,"03.3_Группа размещения и пополнения ""Мезонин""",nan,#D1F3FF,1,1,[],[]
4341,1525,"04.1_Группа сбора ""Стеллаж""",nan,#D1F3FF,1,1,[],[]
4343,1525,05.1_Группа переупаковки,nan,#D1F3FF,1,1,[],[]
4344,1525,05.2_Группа отгрузки,nan,#D1F3FF,1,1,[],[]
4345,1525,06.4_Отдел информационных технологий,nan,#D1F3FF,1,1,[],[]
4346,1525,02_Оптовый склад,nan,#D1F3FF,1,1,[],[]
4347,1525,06.2_Отдел корпоративных технологий,nan,#D1F3FF,1,1,[],[]
4348,1525,06.1.1,nan,#D1F3FF,1,1,[],[]
4349,1525,06.1.3,nan,#D1F3FF,1,1,[],[]
4350,1525,01_Администрация,nan,#D1F3FF,1,1,[],[]
4351,1525,03.3_Группа приемки,nan,#D1F3FF,1,1,[],[]
4352,1525,04.1_Группа размещения и пополнения,nan,#D1F3FF,1,1,[],[]
4353,1525,"04.2_Группа сбора ""Стеллаж""",nan,#D1F3FF,1,1,[],[]
4354,1525,04.2_Группа по работе с некондиционным товаром,nan,#D1F3FF,1,1,[],[]
4355,1525,04.3_Группа по претензионной работе,nan,#D1F3FF,1,1,[],[]
4356,1525,"06.3_Группа сбора ""Мезонин""",nan,#D1F3FF,1,1,[],[]
4357,1525,06.1_Группа размещения и пополнения,nan,#D1F3FF,1,1,[],[]
4358,1525,06.6_Склад паллетного хранения,nan,#D1F3FF,1,1,[],[]
3082,1525,06.4.3_Группа запуска магазинов,nan,#D1F3FF,1,1,[],[]
4359,1525,01.1.3.2_Отдел контроля магазина Артем-1,nan,#D1F3FF,1,1,[],[]
4360,1525,01.1.3.4_Отдел контроля магазина Белгород-2,nan,#D1F3FF,1,1,[],[]
4361,1525,01.1.7_Отдел контроля магазина Благовещенск-1,nan,#D1F3FF,1,1,[],[]
4362,1525,01.1.8_Отдел контроля магазина Благовещенск-2,nan,#D1F3FF,1,1,[],[]
4363,1525,01.1.9_Отдел контроля магазина Биробиджан-1,nan,#D1F3FF,1,1,[],[]
4364,1525,01.1.11_Отдел контроля магазина Бийск-1,nan,#D1F3FF,1,1,[],[]
4365,1525,01.1.12_Отдел контроля магазина Владивосток-1,nan,#D1F3FF,1,1,[],[]
4366,1525,01.1.13_Отдел контроля магазина Владивосток-2,nan,#D1F3FF,1,1,[],[]
4367,1525,01.1.14_Отдел контроля магазина Владивосток-3,nan,#D1F3FF,1,1,[],[]
4368,1525,01.1.15_Отдел контроля магазина Екатеринбург-1,nan,#D1F3FF,1,1,[],[]
4369,1525,01.1.16_Отдел контроля магазина Екатеринбург-2,nan,#D1F3FF,1,1,[],[]
4370,1525,01.1.17_Отдел контроля магазина Екатеринбург-3,nan,#D1F3FF,1,1,[],[]
4371,1525,01.1.18_Отдел контроля магазина Иркутск-1,nan,#D1F3FF,1,1,[],[]
4372,1525,01.1.19_Отдел контроля магазина Комсомольск-1,nan,#D1F3FF,1,1,[],[]
4373,1525,01.1.21_Отдел контроля магазина Красноярск-2,nan,#D1F3FF,1,1,[],[]
4374,1525,01.1.23_Отдел контроля магазина Красноярск-4,nan,#D1F3FF,1,1,[],[]
4375,1525,01.1.25_Отдел контроля магазина Новосибирск-1,nan,#D1F3FF,1,1,[],[]
4376,1525,01.1.26_Отдел контроля магазина Новосибирск-2,nan,#D1F3FF,1,1,[],[]
4377,1525,01.1.27_Отдел контроля магазина Нижний Новгород-1,nan,#D1F3FF,1,1,[],[]
4378,1525,01.1.28_Отдел контроля магазина Находка-1,nan,#D1F3FF,1,1,[],[]
4379,1525,01.1.31_Отдел контроля магазина Петропавловск Камчатский-1,nan,#D1F3FF,1,1,[],[]
4380,1525,01.1.32_Отдел контроля магазина Петропавловск Камчатский-2,nan,#D1F3FF,1,1,[],[]
4381,1525,01.1.33_Отдел контроля магазина Пенза-1,nan,#D1F3FF,1,1,[],[]
4382,1525,01.1.34_Отдел контроля магазина Тюмень-1,nan,#D1F3FF,1,1,[],[]
4383,1525,01.1.35_Отдел контроля магазина Томск-1,nan,#D1F3FF,1,1,[],[]
4384,1525,01.1.36_Отдел контроля магазина Уссурийск-1,nan,#D1F3FF,1,1,[],[]
4385,1525,01.1.37_Отдел контроля магазина Уссурийск-2,nan,#D1F3FF,1,1,[],[]
4386,1525,01.1.38_Отдел контроля магазина Уфа-1,nan,#D1F3FF,1,1,[],[]
4387,1525,01.1.39_Отдел контроля магазина Хабаровск-1,nan,#D1F3FF,1,1,[],[]
4388,1525,01.1.41_Отдел контроля магазина Хабаровск-3,nan,#D1F3FF,1,1,[],[]
4389,1525,01.1.42_Отдел контроля магазина Челябинск-1,nan,#D1F3FF,1,1,[],[]
4390,1525,01.1.43_Отдел контроля магазина Челябинск-2,nan,#D1F3FF,1,1,[],[]
4391,1525,01.1.44_Отдел контроля магазина Южно-Сахалинск-1,nan,#D1F3FF,1,1,[],[]
4392,1525,01.1.45_Отдел контроля магазина Южно-Сахалинск-2,nan,#D1F3FF,1,1,[],[]
4393,1525,01.1.46_Отдел контроля магазина Якутск-1,nan,#D1F3FF,1,1,[],[]
4394,1525,01.1.47_Отдел контроля магазина Якутск-2,nan,#D1F3FF,1,1,[],[]
4395,1525,02.3_Отдел методологии учета,nan,#D1F3FF,1,1,[],[]
4396,1525,Владивостокское представительство,nan,#D1F3FF,1,1,[],[]
4397,1525,05.3.2.5_Процессинговая группа,nan,#D1F3FF,1,1,[],[]
4398,1525,05.3.3_Товарное направление GARMENT&SHOES,nan,#D1F3FF,1,1,[],[]
4399,1525,05.2.3_Дистрибьюция,nan,#D1F3FF,1,1,[],[]
4400,1525,07.3_Проектный офис,nan,#D1F3FF,1,1,[],[]
4401,1525,07.6_Отдел по управлению недвижимостью,nan,#D1F3FF,1,1,[],[]
7902,1525,03.1_Отдел управления персоналом,nan,#D1F3FF,1,1,[],[]
7909,1525,02.2_Учетно-контрольный отдел,nan,#D1F3FF,1,1,[],[]
4716,1525,06_Отдел приемки товара,nan,#D1F3FF,1,1,[],[]
4729,1525,08_Отдел контроля и предотвращения потерь,nan,#D1F3FF,1,1,[],[]
4739,1525,06_Отдел приемки товара,nan,#D1F3FF,1,1,[],[]
6127,1525,02_Отдел приемки товара,nan,#D1F3FF,1,1,[],[]
9315,1525,1.1. Сектор формирования структуры ассортимента T&G,nan,#D1F3FF,1,1,[],[]
4458,1525,01_Администрация магазина НУР-1,nan,#D1F3FF,1,1,[],[]
8520,1525,Иркутск-1,nan,#D1F3FF,1,1,[],[]
3020,1525,03.5.1_Отдел кадрового делопроизводства,nan,#2898FF,271,1,[],[]
4421,1525,09.2_Отдел администрирования и развития инфраструктуры,nan,#D1F3FF,1,1,[],[]
8709,1525,Красноярск-1,nan,#D1F3FF,1,1,[],[]
8502,1525,2Е.2_Отдел управления контентом,nan,#D1F3FF,1,1,[],[]
8952,1525,5.2_Отдел квалификации,nan,#D1F3FF,1,1,[],[]
9298,1525,1. Секция планирования ассортимента BW,nan,#D1F3FF,1,1,[],[]
9332,1525,6. Секция графического дизайна T&G,nan,#D1F3FF,1,1,[],[]
9349,1525,5.1. Сектор акционного буклета G,nan,#D1F3FF,1,1,[],[]
9365,1525,5. Секция indoor-промоаккций S,nan,#D1F3FF,1,1,[],[]
9033,1525,6. Секция подбора персонала,nan,#D1F3FF,1,1,[],[]
4457,1525,01_Администрация магазина,nan,#D1F3FF,1,1,[],[]
4474,1525,03_Отдел приемки товара,nan,#D1F3FF,1,1,[],[]
4479,1525,02_Отдел учета ТМЦ,nan,#D1F3FF,1,1,[],[]
4468,1525,04_Кассовый отдел,nan,#D1F3FF,1,1,[],[]
4925,1525,04_Отдел обслуживания клиентов НХД-1,nan,#D1F3FF,1,1,[],[]
4717,1525,07_Служба торгового зала,nan,#D1F3FF,1,1,[],[]
4740,1525,07_Служба торгового зала,nan,#D1F3FF,1,1,[],[]
4742,1525,01_Администрация магазина,nan,#D1F3FF,1,1,[],[]
4507,1525,02_Отдел учета ТМЦ,nan,#D1F3FF,1,1,[],[]
4782,1525,Архив,nan,#D1F3FF,1,1,[],[]
4792,1525,07_Служба торгового зала,nan,#D1F3FF,1,1,[],[]
4802,1525,08_Отдел контроля и предотвращения потерь,nan,#D1F3FF,1,1,[],[]
4823,1525,04.2_Руководители отделов,nan,#D1F3FF,1,1,[],[]
4831,1525,02_Отдел приемки товара,nan,#D1F3FF,1,1,[],[]
4839,1525,07_Служба торгового зала,nan,#D1F3FF,1,1,[],[]
7903,1525,03.1_Отдел управления персоналом,nan,#D1F3FF,1,1,[],[]
7910,1525,02.2_Учетно-контрольный отдел,nan,#D1F3FF,1,1,[],[]
4842,1525,07_Служба торгового зала,nan,#D1F3FF,1,1,[],[]
4849,1525,02_Отдел приемки товара,nan,#D1F3FF,1,1,[],[]
4856,1525,02_Отдел приемки товара,nan,#D1F3FF,1,1,[],[]
4938,1525,01_ Администрация магазина ННВ-1,nan,#D1F3FF,1,1,[],[]
4751,1525,01_Администрация магазина БЕЛ-1,nan,#D1F3FF,1,1,[],[]
4758,1525,01_Администрация магазина БЕЛ-2,nan,#D1F3FF,1,1,[],[]
4774,1525,01_Администрация магазина БРБ-1,nan,#D1F3FF,1,1,[],[]
4766,1525,01_Администрация магазина БСК-1,nan,#D1F3FF,1,1,[],[]
4562,1525,01_Администрация магазина ВЛД-3,nan,#D1F3FF,1,1,[],[]
4920,1525,01_Администрация магазина НХД-1,nan,#D1F3FF,1,1,[],[]
4929,1525,01_Администрация магазина НХД-2,nan,#D1F3FF,1,1,[],[]
4865,1525,02_Отдел приемки товара,nan,#D1F3FF,1,1,[],[]
4881,1525,02_Отдел управления ассортиментом и запасами магазина КМС-1,nan,#D1F3FF,1,1,[],[]
4752,1525,03_ Служба торгового зала БЕЛ-1,nan,#D1F3FF,1,1,[],[]
4565,1525,03_Служба торгового зала ВЛД-3,nan,#D1F3FF,1,1,[],[]
4915,1525,03_Служба торгового зала КРС-4,nan,#D1F3FF,1,1,[],[]
4871,1525,07_Служба торгового зала,nan,#D1F3FF,1,1,[],[]
4891,1525,03.1_Руководители отдела,nan,#D1F3FF,1,1,[],[]
4934,1525,04_Отдел обслуживания клиентов НХД-2,nan,#D1F3FF,1,1,[],[]
8521,1525,Сахалин-2,nan,#D1F3FF,1,1,[],[]
8531,1525,Мирный-1,nan,#D1F3FF,1,1,[],[]
4897,1525,08_Отдел контроля и предотвращения потерь,nan,#D1F3FF,1,1,[],[]
4904,1525,01_Руководители магазина,nan,#D1F3FF,1,1,[],[]
4910,1525,08_Отдел контроля и предотвращения потерь,nan,#D1F3FF,1,1,[],[]
4563,1525,02_Отдел приемки товара,nan,#D1F3FF,1,1,[],[]
4564,1525,03_Кассовый отдел,nan,#D1F3FF,1,1,[],[]
4566,1525,05_Отдел учета ТМЦ,nan,#D1F3FF,1,1,[],[]
4567,1525,01_Руководители магазина,nan,#D1F3FF,1,1,[],[]
4568,1525,04.1_Администраторы,nan,#D1F3FF,1,1,[],[]
4569,1525,04_Отдел учета ТМЦ,nan,#D1F3FF,1,1,[],[]
4570,1525,05_Кассовый отдел,nan,#D1F3FF,1,1,[],[]
4571,1525,06_Отдел приемки товара,nan,#D1F3FF,1,1,[],[]
4572,1525,07_Служба торгового зала,nan,#D1F3FF,1,1,[],[]
4573,1525,08_Отдел контроля и предотвращения потерь,nan,#D1F3FF,1,1,[],[]
4578,1525,01_Администрация магазина,nan,#D1F3FF,1,1,[],[]
10331,1525,04_Отдел обслуживания клиентов АРТ-2,nan,#D1F3FF,1,1,[],[]
8567,1525,11.Распределительный центр,nan,#D1F3FF,1,1,[],[]
8553,1525,"03.3_Группа размещения и пополнения ""Мезонин""",nan,#D1F3FF,1,1,[],[]
4943,1525,01_Руководители магазина,nan,#D1F3FF,1,1,[],[]
4947,1525,01_Администрация магазина,nan,#D1F3FF,1,1,[],[]
4575,1525,03_Служба торгового зала,nan,#D1F3FF,1,1,[],[]
4576,1525,03_Служба торгового зала,nan,#D1F3FF,1,1,[],[]
4577,1525,03_Служба торгового зала,nan,#D1F3FF,1,1,[],[]
8503,1525,2Е.3_Отдел по работе с клиентами в онлайн-канале,nan,#D1F3FF,1,1,[],[]
8960,1525,4_Отдел продвижения,nan,#D1F3FF,1,1,[],[]
4974,1525,02_Отдел приемки товара,nan,#D1F3FF,1,1,[],[]
4975,1525,03_Кассовый отдел,nan,#D1F3FF,1,1,[],[]
4979,1525,03_Отдел обслуживания клиентов,nan,#D1F3FF,1,1,[],[]
4980,1525,05_Кассовый отдел,nan,#D1F3FF,1,1,[],[]
4981,1525,07_Служба торгового зала,nan,#D1F3FF,1,1,[],[]
4982,1525,08_Отдел контроля и предотвращения потерь,nan,#D1F3FF,1,1,[],[]
4983,1525,06_Отдел приемки товара,nan,#D1F3FF,1,1,[],[]
4984,1525,08_Отдел контроля и предотвращения потерь,nan,#D1F3FF,1,1,[],[]
4986,1525,02_Отдел приемки товара,nan,#D1F3FF,1,1,[],[]
4987,1525,03_Кассовый отдел,nan,#D1F3FF,1,1,[],[]
4989,1525,05_Отдел учета ТМЦ,nan,#D1F3FF,1,1,[],[]
4992,1525,02_Отдел приемки,nan,#D1F3FF,1,1,[],[]
4994,1525,04_Отдел учета ТМЦ,nan,#D1F3FF,1,1,[],[]
4995,1525,07_Служба торгового зала,nan,#D1F3FF,1,1,[],[]
5000,1525,08_Отдел контроля и предотвращения потерь,nan,#D1F3FF,1,1,[],[]
5002,1525,02_Отдел приемки товара,nan,#D1F3FF,1,1,[],[]
5003,1525,04_Отдел по учету ТМЦ,nan,#D1F3FF,1,1,[],[]
5006,1525,07_Служба торгового зала,nan,#D1F3FF,1,1,[],[]
5008,1525,02_Отдел приемки товара,nan,#D1F3FF,1,1,[],[]
5010,1525,04_Отдел учета ТМЦ,nan,#D1F3FF,1,1,[],[]
5011,1525,03_Отдел обслуживания клиентов,nan,#D1F3FF,1,1,[],[]
5012,1525,05_Кассовый отдел,nan,#D1F3FF,1,1,[],[]
5013,1525,08_Отдел контроля и предотвращения потерь,nan,#D1F3FF,1,1,[],[]
5014,1525,01_Администрация,nan,#D1F3FF,1,1,[],[]
5015,1525,03_Служба торгового зала,nan,#D1F3FF,1,1,[],[]
5016,1525,02_Отдел управления ассортиментом и запасами магазина,nan,#D1F3FF,1,1,[],[]
5017,1525,04_Отдел обслуживания клиентов,nan,#D1F3FF,1,1,[],[]
5019,1525,03_Кассовый отдел,nan,#D1F3FF,1,1,[],[]
5023,1525,04_Отдел учета ТМЦ,nan,#D1F3FF,1,1,[],[]
5024,1525,07_Служба торгового зала,nan,#D1F3FF,1,1,[],[]
5025,1525,08_Отдел контроля и предотвращения потерь,nan,#D1F3FF,1,1,[],[]
5027,1525,03_Кассовый отдел,nan,#D1F3FF,1,1,[],[]
5031,1525,01_Руководители магазина,nan,#D1F3FF,1,1,[],[]
5032,1525,05_Кассовый отдел,nan,#D1F3FF,1,1,[],[]
5033,1525,07_Служба торгового зала,nan,#D1F3FF,1,1,[],[]
5034,1525,08_Отдел контроля и предотвращения потерь,nan,#D1F3FF,1,1,[],[]
7904,1525,03.1_Отдел управления персоналом,nan,#D1F3FF,1,1,[],[]
7911,1525,02.2_Учетно-контрольный отдел,nan,#D1F3FF,1,1,[],[]
4997,1525,01_Администрация магазина ТМН-1,nan,#D1F3FF,1,1,[],[]
5038,1525,01_Руководители магазина,nan,#D1F3FF,1,1,[],[]
5039,1525,07_Служба торгового зала,nan,#D1F3FF,1,1,[],[]
5041,1525,02_Отдел приемки товара,nan,#D1F3FF,1,1,[],[]
5042,1525,03_Кассовый отдел,nan,#D1F3FF,1,1,[],[]
5046,1525,03_Служба торгового зала,nan,#D1F3FF,1,1,[],[]
5048,1525,03_Кассовый отдел,nan,#D1F3FF,1,1,[],[]
4574,1525,03_Служба торгового зала,nan,#D1F3FF,1,1,[],[]
5049,1525,02_Отдел управления ассортиментом и запасами магазина,nan,#D1F3FF,1,1,[],[]
5050,1525,02_Отдел управления ассортиментом и запасами магазина,nan,#D1F3FF,1,1,[],[]
5001,1525,01_Администрация магазина УСР-1,nan,#D1F3FF,1,1,[],[]
5007,1525,01_Администрация магазина УСР-2,nan,#D1F3FF,1,1,[],[]
5018,1525,01_Администрация магазина ХБР-1,nan,#D1F3FF,1,1,[],[]
5026,1525,01_Администрация магазина ХБР-2,nan,#D1F3FF,1,1,[],[]
4973,1525,01_Администрация магазина ЮСХ-1,nan,#D1F3FF,1,1,[],[]
4985,1525,01_Администрация магазина ЮСХ-2,nan,#D1F3FF,1,1,[],[]
4998,1525,02_Отдел управления ассортиментом и запасами магазина ТМН-1,nan,#D1F3FF,1,1,[],[]
5004,1525,02_Отдел управления ассортиментом и запасами магазина УСР-1,nan,#D1F3FF,1,1,[],[]
5021,1525,02_Отдел управления ассортиментом и запасами магазина ХБР-1,nan,#D1F3FF,1,1,[],[]
5029,1525,02_Отдел управления ассортиментом и запасами магазина ХБР-2,nan,#D1F3FF,1,1,[],[]
5044,1525,02_Отдел управления ассортиментом и запасами магазина ХБР-3,nan,#D1F3FF,1,1,[],[]
4977,1525,02_Отдел управления ассортиментом и запасами магазина ЮСХ-1,nan,#D1F3FF,1,1,[],[]
4990,1525,02_Отдел управления ассортиментом и запасами магазина ЮСХ-3,nan,#D1F3FF,1,1,[],[]
4136,1525,03_Служба торгового зала ЕКТ-3,nan,#D1F3FF,1,1,[],[]
4459,1525,03_Служба торгового зала НУР-1,nan,#D1F3FF,1,1,[],[]
4996,1525,03_Служба торгового зала ТМН-1,nan,#D1F3FF,1,1,[],[]
4993,1525,03_Служба торгового зала ТМС-1,nan,#D1F3FF,1,1,[],[]
5009,1525,03_Служба торгового зала УСР-2,nan,#D1F3FF,1,1,[],[]
5020,1525,03_Служба торгового зала ХБР-1,nan,#D1F3FF,1,1,[],[]
5028,1525,03_Служба торгового зала ХБР-2,nan,#D1F3FF,1,1,[],[]
5043,1525,03_Служба торгового зала ХБР-3,nan,#D1F3FF,1,1,[],[]
4976,1525,03_Служба торгового зала ЮСХ-1,nan,#D1F3FF,1,1,[],[]
4988,1525,03_Служба торгового зала ЮСХ-2,nan,#D1F3FF,1,1,[],[]
4999,1525,04_Отдел обслуживания клиентов ТМН-1,nan,#D1F3FF,1,1,[],[]
5005,1525,04_Отдел обслуживания клиентов УСР-1,nan,#D1F3FF,1,1,[],[]
5022,1525,04_Отдел обслуживания клиентов ХБР-1,nan,#D1F3FF,1,1,[],[]
5030,1525,04_Отдел обслуживания клиентов ХБР-2,nan,#D1F3FF,1,1,[],[]
4978,1525,04_Отдел обслуживания клиентов ЮСХ-1,nan,#D1F3FF,1,1,[],[]
5053,1525,02_Отдел управления ассортиментом и запасами магазина,nan,#D1F3FF,1,1,[],[]
5054,1525,02_Отдел управления ассортиментом и запасами магазина,nan,#D1F3FF,1,1,[],[]
5055,1525,02_Отдел управления ассортиментом и запасами магазина,nan,#D1F3FF,1,1,[],[]
7912,1525,02.2_Учетно-контрольный отдел,nan,#D1F3FF,1,1,[],[]
5063,1525,01_Администрация магазина ЧЛБ-2,nan,#D1F3FF,1,1,[],[]
5071,1525,01_Администрация магазина ЯКТ-1,nan,#D1F3FF,1,1,[],[]
5064,1525,02_Отдел приемки товара,nan,#D1F3FF,1,1,[],[]
5066,1525,04_Отдел учета ТМЦ,nan,#D1F3FF,1,1,[],[]
5068,1525,03_Отдел обслуживания клиентов,nan,#D1F3FF,1,1,[],[]
5069,1525,07_Служба торгового зала,nan,#D1F3FF,1,1,[],[]
5070,1525,08_Отдел контроля и предотвращения потерь,nan,#D1F3FF,1,1,[],[]
5072,1525,02_Отдел приемки товара,nan,#D1F3FF,1,1,[],[]
5073,1525,03_Кассовый отдел,nan,#D1F3FF,1,1,[],[]
5076,1525,06_Отдел приемки товара,nan,#D1F3FF,1,1,[],[]
5077,1525,07_Служба торгового зала,nan,#D1F3FF,1,1,[],[]
5078,1525,08_Отдел контроля и предотвращения потерь,nan,#D1F3FF,1,1,[],[]
5079,1525,01_Руководители магазина,nan,#D1F3FF,1,1,[],[]
5081,1525,02_Отдел приемки товара,nan,#D1F3FF,1,1,[],[]
5085,1525,01_Руководители магазина,nan,#D1F3FF,1,1,[],[]
5086,1525,04_Отдел учета ТМЦ,nan,#D1F3FF,1,1,[],[]
5087,1525,05_Кассовый отдел,nan,#D1F3FF,1,1,[],[]
5088,1525,07_Служба торгового зала,nan,#D1F3FF,1,1,[],[]
5089,1525,08_Отдел контроля и предотвращения потерь,nan,#D1F3FF,1,1,[],[]
5080,1525,01_Администрация магазина ЯКТ-2,nan,#D1F3FF,1,1,[],[]
5090,1525,02_Отдел управления ассортиментом и запасами магазина ВЛД-3,nan,#D1F3FF,1,1,[],[]
6128,1525,02_Отдел приемки товара,nan,#D1F3FF,1,1,[],[]
5056,1525,02_Отдел управления ассортиментом и запасами магазина ТМС-1,nan,#D1F3FF,1,1,[],[]
5074,1525,02_Отдел управления ассортиментом и запасами магазина ЯКТ-1,nan,#D1F3FF,1,1,[],[]
5083,1525,02_Отдел управления ассортиментом и запасами магазина ЯКТ-2,nan,#D1F3FF,1,1,[],[]
5065,1525,03_Служба торгового зала ЧЛБ-2,nan,#D1F3FF,1,1,[],[]
5082,1525,03_Служба торгового зала ЯКТ-2,nan,#D1F3FF,1,1,[],[]
5052,1525,04_Отдел обслуживания клиентов КРС-4,nan,#D1F3FF,1,1,[],[]
6263,1525,04_Отдел обслуживания клиентов ХБР-4,nan,#D1F3FF,1,1,[],[]
5067,1525,04_Отдел обслуживания клиентов ЧЛБ-2,nan,#D1F3FF,1,1,[],[]
5075,1525,04_Отдел обслуживания клиентов ЯКТ-1,nan,#D1F3FF,1,1,[],[]
5084,1525,04_Отдел обслуживания клиентов ЯКТ-2,nan,#D1F3FF,1,1,[],[]
8522,1525,Арсеньев-1,nan,#D1F3FF,1,1,[],[]
8532,1525,Екатеринбург-4,nan,#D1F3FF,1,1,[],[]
8710,1525,Новосибирск-2,nan,#D1F3FF,1,1,[],[]
6093,1525,03.2.1_Отдел кадрового делопроизводства,nan,#D1F3FF,1,1,[],[]
9299,1525,1.2. Сектор управления ассортиментом BW,nan,#D1F3FF,1,1,[],[]
9316,1525,1.2 Сектор управления ассортиментом T&G,nan,#D1F3FF,1,1,[],[]
9333,1525,Функции отдела Понимания G,nan,#D1F3FF,1,1,[],[]
9350,1525,6. Секция графического дизайна G,nan,#D1F3FF,1,1,[],[]
9366,1525,6. Секция графического дизайна S,nan,#D1F3FF,1,1,[],[]
8504,1525,6. Служба развития E-com,nan,#D1F3FF,1,1,[],[]
9034,1525,2. Секция бизнес-процессов,nan,#D1F3FF,1,1,[],[]
8554,1525,"04.1.1_Группа сбора ""Стеллаж""",nan,#D1F3FF,1,1,[],[]
7913,1525,02.2_Учетно-контрольный отдел,nan,#D1F3FF,1,1,[],[]
5116,1525,02_Отдел управления ассортиментом и запасами магазина БЛВ-1,nan,#D1F3FF,1,1,[],[]
5137,1525,02_Отдел управления ассортиментом и запасами магазина ВЛД-2,nan,#D1F3FF,1,1,[],[]
5124,1525,02_Отдел управления ассортиментом и запасами магазина ЧЛБ-2,nan,#D1F3FF,1,1,[],[]
5110,1525,04_Отдел обслуживания клиентов АРС-1,nan,#D1F3FF,1,1,[],[]
5117,1525,04_Отдел обслуживания клиентов ВЛД-2,nan,#D1F3FF,1,1,[],[]
5118,1525,04_Отдел обслуживания клиентов ВЛД-3,nan,#D1F3FF,1,1,[],[]
5120,1525,04_Отдел обслуживания клиентов ЕКТ-1,nan,#D1F3FF,1,1,[],[]
8523,1525,Находка-2,nan,#D1F3FF,1,1,[],[]
8533,1525,Камчатка-3,nan,#D1F3FF,1,1,[],[]
8555,1525,05.2_Группа отгрузки,nan,#D1F3FF,1,1,[],[]
5111,1525,02_Отдел управления ассортиментом и запасами магазина,nan,#D1F3FF,1,1,[],[]
5112,1525,02_Отдел управления ассортиментом и запасами магазина,nan,#D1F3FF,1,1,[],[]
5113,1525,02_Отдел управления ассортиментом и запасами магазина,nan,#D1F3FF,1,1,[],[]
5114,1525,02_Отдел управления ассортиментом и запасами магазина,nan,#D1F3FF,1,1,[],[]
5115,1525,02_Отдел управления ассортиментом и запасами магазина,nan,#D1F3FF,1,1,[],[]
5119,1525,04_Отдел обслуживания клиентов,nan,#D1F3FF,1,1,[],[]
5121,1525,02_Отдел управления ассортиментом и запасами магазина,nan,#D1F3FF,1,1,[],[]
5122,1525,02_Отдел управления ассортиментом и запасами магазина,nan,#D1F3FF,1,1,[],[]
5123,1525,02_Отдел управления ассортиментом и запасами магазина,nan,#D1F3FF,1,1,[],[]
5136,1525,02_Отдел управления ассортиментом и запасами магазина,nan,#D1F3FF,1,1,[],[]
8977,1525,01_Администрация магазина ВЛД-6,nan,#D1F3FF,1,1,[],[]
8607,1525,Комсомольск-2,nan,#D1F3FF,1,1,[],[]
8589,1525,01.2.1_Отдел автоматизации и методологии,nan,#D1F3FF,1,1,[],[]
8615,1525,Пермь-1,nan,#D1F3FF,1,1,[],[]
5139,1525,04_Отдел обслуживания клиентов,nan,#D1F3FF,1,1,[],[]
5140,1525,04_Отдел обслуживания клиентов,nan,#D1F3FF,1,1,[],[]
5141,1525,04_Отдел обслуживания клиентов,nan,#D1F3FF,1,1,[],[]
5142,1525,04_Отдел обслуживания клиентов,nan,#D1F3FF,1,1,[],[]
7914,1525,02.2_Учетно-контрольный отдел,nan,#D1F3FF,1,1,[],[]
5203,1525,02_Отдел управления ассортиментом и запасами магазина АРС-1,nan,#D1F3FF,1,1,[],[]
5149,1525,03_Служба торгового зала,nan,#D1F3FF,1,1,[],[]
5150,1525,03_Служба торгового зала,nan,#D1F3FF,1,1,[],[]
5151,1525,03_Служба торгового зала,nan,#D1F3FF,1,1,[],[]
5152,1525,03_Служба торгового зала,nan,#D1F3FF,1,1,[],[]
5153,1525,03_Служба торгового зала,nan,#D1F3FF,1,1,[],[]
5154,1525,03_Служба торгового зала,nan,#D1F3FF,1,1,[],[]
5155,1525,04_Отдел обслуживания клиентов,nan,#D1F3FF,1,1,[],[]
5156,1525,04_Отдел обслуживания клиентов,nan,#D1F3FF,1,1,[],[]
5207,1525,02_Отдел управления ассортиментом и запасами магазина МГД-1,nan,#D1F3FF,1,1,[],[]
5247,1525,02_Отдел управления ассортиментом и запасами магазина НВС-2,nan,#D1F3FF,1,1,[],[]
5148,1525,03_Служба торгового зала МГД-1,nan,#D1F3FF,1,1,[],[]
5143,1525,04_Отдел обслуживания клиентов БЛВ-1,nan,#D1F3FF,1,1,[],[]
6094,1525,07.4.1_Группа проектирования и производства технологического и торгового оборудования,nan,#D1F3FF,1,1,[],[]
6129,1525,02_Отдел приемки товара,nan,#D1F3FF,1,1,[],[]
5157,1525,04_Отдел обслуживания клиентов МГД-1,nan,#D1F3FF,1,1,[],[]
8190,1525,01.1.39_Отдел контроля магазина Хабаровск-1,nan,#D1F3FF,1,1,[],[]
5212,1525,04_Отдел обслуживания клиентов ЮСХ-2,nan,#D1F3FF,1,1,[],[]
5208,1525,04_Отдел обслуживания клиентов ЮСХ-3,nan,#D1F3FF,1,1,[],[]
8524,1525,Красноярск-4,nan,#D1F3FF,1,1,[],[]
8978,1525,02_Отдел управления ассортиментом и запасами магазина ВЛД-6,nan,#D1F3FF,1,1,[],[]
8711,1525,Благовещенск-2,nan,#D1F3FF,1,1,[],[]
8616,1525,01_Администрация магазина ПРМ-1,nan,#D1F3FF,1,1,[],[]
9035,1525,1_Департамент экономики и организации труда,nan,#D1F3FF,1,1,[],[]
9300,1525,1.3. Сектор ценообразования BW,nan,#D1F3FF,1,1,[],[]
9317,1525,1.3 Сектор ценообразования T&G,nan,#D1F3FF,1,1,[],[]
9334,1525,1. Секция планирования ассортимента G,nan,#D1F3FF,1,1,[],[]
9351,1525,Функции отдела Понимания S,nan,#D1F3FF,1,1,[],[]
9367,1525,5.1 Сектор акционного буклета S,nan,#D1F3FF,1,1,[],[]
4065,1525,03_Служба торгового зала,nan,#D1F3FF,1,1,[],[]
5202,1525,02_Отдел управления ассортиментом и запасами магазина,nan,#D1F3FF,1,1,[],[]
5209,1525,04_Отдел обслуживания клиентов,nan,#D1F3FF,1,1,[],[]
5210,1525,04_Отдел обслуживания клиентов,nan,#D1F3FF,1,1,[],[]
5211,1525,04_Отдел обслуживания клиентов,nan,#D1F3FF,1,1,[],[]
5243,1525,02_Отдел управления ассортиментом и запасами магазина,nan,#D1F3FF,1,1,[],[]
5244,1525,02_Отдел управления ассортиментом и запасами магазина,nan,#D1F3FF,1,1,[],[]
5245,1525,02_Отдел управления ассортиментом и запасами магазина,nan,#D1F3FF,1,1,[],[]
5246,1525,02_Отдел управления ассортиментом и запасами магазина,nan,#D1F3FF,1,1,[],[]
5248,1525,02_Отдел управления ассортиментом и запасами магазина,nan,#D1F3FF,1,1,[],[]
5249,1525,02_Отдел управления ассортиментом и запасами магазина,nan,#D1F3FF,1,1,[],[]
5250,1525,02_Отдел управления ассортиментом и запасами магазина,nan,#D1F3FF,1,1,[],[]
5252,1525,04_Отдел обслуживания клиентов,nan,#D1F3FF,1,1,[],[]
5253,1525,04_Отдел обслуживания клиентов,nan,#D1F3FF,1,1,[],[]
7915,1525,02.2_Учетно-контрольный отдел,nan,#D1F3FF,1,1,[],[]
8191,1525,01.1.39_Отдел контроля магазина Хабаровск-1,nan,#D1F3FF,1,1,[],[]
5326,1525,02_Отдел управления ассортиментом и запасами магазина БЛВ-2,nan,#D1F3FF,1,1,[],[]
5315,1525,02_Отдел управления ассортиментом и запасами магазина ПКМ-1,nan,#D1F3FF,1,1,[],[]
5251,1525,02_Отдел управления ассортиментом и запасами магазина УСР-2,nan,#D1F3FF,1,1,[],[]
5264,1525,02_Отдел управления ассортиментом и запасами магазина ЮСХ-2,nan,#D1F3FF,1,1,[],[]
5317,1525,04_Отдел обслуживания клиентов ПКМ-2,nan,#D1F3FF,1,1,[],[]
5262,1525,02_Отдел управления ассортиментом и запасами магазина,nan,#D1F3FF,1,1,[],[]
5263,1525,02_Отдел управления ассортиментом и запасами магазина,nan,#D1F3FF,1,1,[],[]
5265,1525,04_Отдел обслуживания клиентов,nan,#D1F3FF,1,1,[],[]
5266,1525,04_Отдел обслуживания клиентов ТМС-1,nan,#D1F3FF,1,1,[],[]
5254,1525,04_Отдел обслуживания клиентов УСР-2,nan,#D1F3FF,1,1,[],[]
8525,1525,Магадан-1,nan,#D1F3FF,1,1,[],[]
8617,1525,02_Отдел управления ассортиментом и запасами магазина ПРМ-1,nan,#D1F3FF,1,1,[],[]
8979,1525,03_Служба торгового зала ВЛД-6,nan,#D1F3FF,1,1,[],[]
6081,1525,06.3.4_Группа по управлению прогнозами продаж,nan,#D1F3FF,1,1,[],[]
5283,1525,04_Отдел обслуживания клиентов,nan,#D1F3FF,1,1,[],[]
5284,1525,02_Отдел управления ассортиментом и запасами магазина,nan,#D1F3FF,1,1,[],[]
5285,1525,04_Отдел обслуживания клиентов,nan,#D1F3FF,1,1,[],[]
5286,1525,02_Отдел управления ассортиментом и запасами магазина,nan,#D1F3FF,1,1,[],[]
5287,1525,02_Отдел управления ассортиментом и запасами магазина,nan,#D1F3FF,1,1,[],[]
5288,1525,02_Отдел управления ассортиментом и запасами магазина,nan,#D1F3FF,1,1,[],[]
5289,1525,04_Отдел обслуживания клиентов,nan,#D1F3FF,1,1,[],[]
5290,1525,04_Отдел обслуживания клиентов,nan,#D1F3FF,1,1,[],[]
5291,1525,02_Отдел управления ассортиментом и запасами магазина,nan,#D1F3FF,1,1,[],[]
5292,1525,04_Отдел обслуживания клиентов,nan,#D1F3FF,1,1,[],[]
5293,1525,04_Отдел обслуживания клиентов,nan,#D1F3FF,1,1,[],[]
5294,1525,04_Отдел обслуживания клиентов,nan,#D1F3FF,1,1,[],[]
5295,1525,04_Отдел обслуживания клиентов,nan,#D1F3FF,1,1,[],[]
5296,1525,04_Отдел обслуживания клиентов,nan,#D1F3FF,1,1,[],[]
5297,1525,04_Отдел обслуживания клиентов,nan,#D1F3FF,1,1,[],[]
5298,1525,04_Отдел обслуживания клиентов,nan,#D1F3FF,1,1,[],[]
5299,1525,04_Отдел обслуживания клиентов,nan,#D1F3FF,1,1,[],[]
5300,1525,04_Отдел обслуживания клиентов,nan,#D1F3FF,1,1,[],[]
5301,1525,04_Отдел обслуживания клиентов,nan,#D1F3FF,1,1,[],[]
5302,1525,04_Отдел обслуживания клиентов,nan,#D1F3FF,1,1,[],[]
5303,1525,04_Отдел обслуживания клиентов,nan,#D1F3FF,1,1,[],[]
5304,1525,02_Отдел управления ассортиментом и запасами магазина,nan,#D1F3FF,1,1,[],[]
5305,1525,02_Отдел управления ассортиментом и запасами магазина,nan,#D1F3FF,1,1,[],[]
5306,1525,04_Отдел обслуживания клиентов,nan,#D1F3FF,1,1,[],[]
5307,1525,04_Отдел обслуживания клиентов,nan,#D1F3FF,1,1,[],[]
5308,1525,04_Отдел обслуживания клиентов,nan,#D1F3FF,1,1,[],[]
5309,1525,04_Отдел обслуживания клиентов,nan,#D1F3FF,1,1,[],[]
5310,1525,02_Отдел управления ассортиментом и запасами магазина,nan,#D1F3FF,1,1,[],[]
5311,1525,04_Отдел обслуживания клиентов,nan,#D1F3FF,1,1,[],[]
5312,1525,04_Отдел обслуживания клиентов,nan,#D1F3FF,1,1,[],[]
5313,1525,04_Отдел обслуживания клиентов,nan,#D1F3FF,1,1,[],[]
5314,1525,04_Отдел обслуживания клиентов,nan,#D1F3FF,1,1,[],[]
5316,1525,04_Отдел обслуживания клиентов,nan,#D1F3FF,1,1,[],[]
5318,1525,04_Отдел обслуживания клиентов,nan,#D1F3FF,1,1,[],[]
5319,1525,04_Отдел обслуживания клиентов,nan,#D1F3FF,1,1,[],[]
5320,1525,02_Отдел управления ассортиментом и запасами магазина,nan,#D1F3FF,1,1,[],[]
5321,1525,04_Отдел обслуживания клиентов,nan,#D1F3FF,1,1,[],[]
5322,1525,04_Отдел обслуживания клиентов,nan,#D1F3FF,1,1,[],[]
5323,1525,04_Отдел обслуживания клиентов,nan,#D1F3FF,1,1,[],[]
5324,1525,04_Отдел обслуживания клиентов,nan,#D1F3FF,1,1,[],[]
5325,1525,04_Отдел обслуживания клиентов,nan,#D1F3FF,1,1,[],[]
5327,1525,04_Отдел обслуживания клиентов,nan,#D1F3FF,1,1,[],[]
7916,1525,02.2_Учетно-контрольный отдел,nan,#D1F3FF,1,1,[],[]
8192,1525,01.1.39_Отдел контроля магазина Хабаровск-1,nan,#D1F3FF,1,1,[],[]
5332,1525,04_Отдел обслуживания клиентов,nan,#D1F3FF,1,1,[],[]
5356,1525,01_Администрация магазина ВЛД-4,nan,#D1F3FF,1,1,[],[]
5435,1525,01_Администрация магазина МГД-1,nan,#D1F3FF,1,1,[],[]
5357,1525,02_Отдел управления ассортиментом и запасами магазина ВЛД-4,nan,#D1F3FF,1,1,[],[]
5359,1525,03_Служба торгового зала ВЛД-4,nan,#D1F3FF,1,1,[],[]
5333,1525,04_Отдел обслуживания клиентов БЛВ-2,nan,#D1F3FF,1,1,[],[]
5405,1525,04_Отдел обслуживания клиентов БРБ-1,nan,#D1F3FF,1,1,[],[]
5329,1525,04_Отдел обслуживания клиентов КМС-1,nan,#D1F3FF,1,1,[],[]
5328,1525,04_Отдел обслуживания клиентов ПКМ-1,nan,#D1F3FF,1,1,[],[]
8526,1525,Новый Уренгой-1,nan,#D1F3FF,1,1,[],[]
8980,1525,04_Отдел обслуживания клиентов ВЛД-6,nan,#D1F3FF,1,1,[],[]
8712,1525,Камчатка-2,nan,#D1F3FF,1,1,[],[]
8961,1525,2_Коммерческий департамент,nan,#D1F3FF,1,1,[],[]
6082,1525,4.1.4_Группа по управлению прогнозами продаж,nan,#D1F3FF,1,1,[],[]
9301,1525,1.5. Сектор планирования продаж BW,nan,#D1F3FF,1,1,[],[]
9318,1525,1.4. Сектор управления планограммами T&G,nan,#D1F3FF,1,1,[],[]
5354,1525,04_Магазин-2,nan,#D1F3FF,1,1,[],[]
5355,1525,04_Магазин-2,nan,#D1F3FF,1,1,[],[]
5358,1525,03_Служба торгового зала,nan,#D1F3FF,1,1,[],[]
9335,1525,1.1. Сектор формирования структуры ассортимента G,nan,#D1F3FF,1,1,[],[]
9352,1525,1. Секция планирования ассортимента S,nan,#D1F3FF,1,1,[],[]
8618,1525,04_Отдел обслуживания клиентов ПРМ-1,nan,#D1F3FF,1,1,[],[]
9383,1525,11Е. Склад ИМ,nan,#D1F3FF,1,1,[],[]
5406,1525,01_Администрация магазина,nan,#D1F3FF,1,1,[],[]
5407,1525,01_Администрация магазина,nan,#D1F3FF,1,1,[],[]
5431,1525,10.1.2_Товарное направление Baby world,nan,#D1F3FF,1,1,[],[]
5432,1525,05_Департамент закупок,nan,#D1F3FF,1,1,[],[]
5433,1525,10_Продуктовый департамент,nan,#D1F3FF,1,1,[],[]
5434,1525,04_Кассовый отдел,nan,#D1F3FF,1,1,[],[]
7917,1525,02.2_Учетно-контрольный отдел,nan,#D1F3FF,1,1,[],[]
8193,1525,02_Отдел приемки товара,nan,#D1F3FF,1,1,[],[]
8527,1525,Сахалин-3,nan,#D1F3FF,1,1,[],[]
8690,1525,Хабаровск-2,nan,#D1F3FF,1,1,[],[]
8713,1525,Томск-1,nan,#D1F3FF,1,1,[],[]
8997,1525,Распределительный центр,nan,#2898FF,271,1,[],[10885]
8619,1525,03_Служба торгового зала ПРМ-1,nan,#D1F3FF,1,1,[],[]
5474,1525,10.2_Группа зонирования,nan,#D1F3FF,1,1,[],[]
5475,1525,10.2_Группа зонирования,nan,#D1F3FF,1,1,[],[]
5476,1525,10.1.1_Товарное направление Toys&games,nan,#D1F3FF,1,1,[],[]
5477,1525,10.1.1_Товарное направление Toys&games,nan,#D1F3FF,1,1,[],[]
5478,1525,10.1.1_Товарное направление Toys&games,nan,#D1F3FF,1,1,[],[]
5479,1525,10.1.1_Товарное направление Toys&games,nan,#D1F3FF,1,1,[],[]
5480,1525,10.1.1_Товарное направление Toys&games,nan,#D1F3FF,1,1,[],[]
5481,1525,10.1.1_Товарное направление Toys&games,nan,#D1F3FF,1,1,[],[]
5482,1525,10.1.1_Товарное направление Toys&games,nan,#D1F3FF,1,1,[],[]
5483,1525,10.1.1_Товарное направление Toys&games,nan,#D1F3FF,1,1,[],[]
5484,1525,10.1.3_Товарное направление Garment&shoes,nan,#D1F3FF,1,1,[],[]
5485,1525,10.1.3_Товарное направление Garment&shoes,nan,#D1F3FF,1,1,[],[]
5486,1525,10.1.3_Товарное направление Garment&shoes,nan,#D1F3FF,1,1,[],[]
5487,1525,10.1.3_Товарное направление Garment&shoes,nan,#D1F3FF,1,1,[],[]
5488,1525,10.1.3_Товарное направление Garment&shoes,nan,#D1F3FF,1,1,[],[]
5489,1525,10.1.3_Товарное направление Garment&shoes,nan,#D1F3FF,1,1,[],[]
5490,1525,10.1.3_Товарное направление Garment&shoes,nan,#D1F3FF,1,1,[],[]
5491,1525,10.1.3_Товарное направление Garment&shoes,nan,#D1F3FF,1,1,[],[]
9003,1525,07.1_Служба инноваций,nan,#D1F3FF,1,1,[],[]
8501,1525,2Е.1_Отдел поддержки онлайн продаж,nan,#D1F3FF,1,1,[],[]
5512,1525,01_Руководители магазина,nan,#D1F3FF,1,1,[],[]
5513,1525,05_Кассовый отдел,nan,#D1F3FF,1,1,[],[]
9008,1525,Группа охраны РЦ,nan,#D1F3FF,1,1,[],[]
9001,1525,2. Секция обучающих программ и материалов,nan,#D1F3FF,1,1,[],[]
9016,1525,6. Секция продаж,nan,#D1F3FF,1,1,[],[]
7918,1525,02.2_Учетно-контрольный отдел,nan,#D1F3FF,1,1,[],[]
5652,1525,05.2.3_Товарное направление GARMENT&SHOES,nan,#D1F3FF,1,1,[],[]
8194,1525,02_Отдел приемки товара,nan,#D1F3FF,1,1,[],[]
5639,1525,04_Отдел обслуживания клиентов ВЛД-4,nan,#D1F3FF,1,1,[],[]
8528,1525,Владивосток-4,nan,#D1F3FF,1,1,[],[]
8691,1525,Артем-1,nan,#D1F3FF,1,1,[],[]
8714,1525,Белгород-2,nan,#D1F3FF,1,1,[],[]
5621,1525,Российский закупочный офис,nan,#D1F3FF,1,1,[],[]
5650,1525,Отдел внешне-экономической деятельности,nan,#D1F3FF,1,1,[],[]
6095,1525,01.1_Служба по предотвращению потерь,nan,#D1F3FF,1,1,[],[]
5623,1525,Группа по таможенному оформлению,nan,#D1F3FF,1,1,[],[]
9036,1525,10.1_Продуктовый отдел,nan,#D1F3FF,1,1,[],[]
9009,1525,4. Служба предотвращения потерь,nan,#D1F3FF,1,1,[],[]
9002,1525,4. Тренировочный центр,nan,#D1F3FF,1,1,[],[]
3066,1525,12Е. Отдет комплектации и выдачи заказов ИМ,nan,#D1F3FF,1,1,[],[]
9017,1525,5б. Отдел Понимания Toys&games,nan,#D1F3FF,1,1,[],[]
9302,1525,2. Секция разработки ТЗ на товары СТМ BW,nan,#D1F3FF,1,1,[],[]
9319,1525,1.5. Сектор планирования продаж T&G,nan,#D1F3FF,1,1,[],[]
9336,1525,1.2. Сектор управления ассортиментом G,nan,#D1F3FF,1,1,[],[]
9353,1525,1.1. Сектор формирования структуры ассортимента S,nan,#D1F3FF,1,1,[],[]
5620,1525,05.1_Российский закупочный офис,nan,#D1F3FF,1,1,[],[]
5622,1525,05.2.1_Группа по таможенному оформлению,nan,#D1F3FF,1,1,[],[]
5637,1525,03_Отдел обслуживания клиентов,nan,#D1F3FF,1,1,[],[]
5638,1525,03_Магазин-1,nan,#D1F3FF,1,1,[],[]
5640,1525,05_Кассовый отдел,nan,#D1F3FF,1,1,[],[]
5641,1525,03_Отдел обслуживания клиентов,nan,#D1F3FF,1,1,[],[]
5642,1525,07_Служба торгового зала,nan,#D1F3FF,1,1,[],[]
5651,1525,05.2.2_Товарное направление TOYS&GAMES+BABY WORLD+Оборудование,nan,#D1F3FF,1,1,[],[]
5408,1525,10.3_Отдел маркетинга,nan,#D1F3FF,1,1,[],[]
7919,1525,02.2_Учетно-контрольный отдел,nan,#D1F3FF,1,1,[],[]
5781,1525,01_Администрация магазина ЮСХ-3,nan,#D1F3FF,1,1,[],[]
8529,1525,Хабаровск-4,nan,#D1F3FF,1,1,[],[]
8692,1525,Сахалин-1,nan,#D1F3FF,1,1,[],[]
8715,1525,Хабаровск-3,nan,#D1F3FF,1,1,[],[]
7901,1525,Тренировочный центр,nan,#D1F3FF,1,1,[],[]
9010,1525,07.2_Отдел обслуживания и развития систем,nan,#D1F3FF,1,1,[],[]
9064,1525,01_Администрация магазина НЖВ-1,nan,#D1F3FF,1,1,[],[]
9085,1525,01_Администрация магазина КМС-2,nan,#D1F3FF,1,1,[],[]
9118,1525,01.2.2_Отдел юридического сопровождения,nan,#D1F3FF,1,1,[],[]
9104,1525,19_Офис генерального директора,nan,#D1F3FF,1,1,[],[]
9038,1525,2. Секция поставок отечественного товара,nan,#D1F3FF,1,1,[],[]
9018,1525,5а. Отдел Понимания Baby world,nan,#D1F3FF,1,1,[],[]
5834,1525,09.3.1_Группа обслуживания и развития бизнес-систем,nan,#D1F3FF,1,1,[],[]
5835,1525,09.3.2_Группа обслуживания и развития кассовых систем,nan,#D1F3FF,1,1,[],[]
7920,1525,02.2_Учетно-контрольный отдел,nan,#D1F3FF,1,1,[],[]
6175,1525,02_Отдел управления ассортиментом и запасами магазина ХБР-4,nan,#D1F3FF,1,1,[],[]
6195,1525,03_Служба торгового зала ХБР-4,nan,#D1F3FF,1,1,[],[]
8530,1525,Екатеринбург-3,nan,#D1F3FF,1,1,[],[]
8693,1525,Владивосток-2,nan,#D1F3FF,1,1,[],[]
8716,1525,ГОЛОВНОЙ ОФИС,nan,#D1F3FF,1,1,[],[]
9011,1525,07.2.1_Группа бизнес-систем,nan,#D1F3FF,1,1,[],[]
9065,1525,02_Отдел управления ассортиментом и запасами магазина НЖВ-1,nan,#D1F3FF,1,1,[],[]
9086,1525,02_Отдел управления ассортиментом и запасами магазина КМС-2,nan,#D1F3FF,1,1,[],[]
9039,1525,3. Секция поставок импортного товара,nan,#D1F3FF,1,1,[],[]
3067,1525,Секция доставки,nan,#D1F3FF,1,1,[],[]
9303,1525,3. Секция материалов по пониманию ассортимента BW,nan,#D1F3FF,1,1,[],[]
9019,1525,5в. Отдел Понимания Garment,nan,#D1F3FF,1,1,[],[]
6096,1525,01.1.1.1_Группа контроля РЦ Владивосток,nan,#D1F3FF,1,1,[],[]
9320,1525,1.6. Сектор маркировки T&G,nan,#D1F3FF,1,1,[],[]
9337,1525,1.3. Сектор ценообразования G,nan,#D1F3FF,1,1,[],[]
9354,1525,1.2. Сектор управления ассортиментом S,nan,#D1F3FF,1,1,[],[]
10450,1525,Владивосток-7,nan,#D1F3FF,1,1,[],[]
8694,1525,Уссурийск-2,nan,#D1F3FF,1,1,[],[]
8717,1525,Белгород-1,nan,#D1F3FF,1,1,[],[]
9012,1525,07.2.2_Группа 1С ЗУП и ДО,nan,#D1F3FF,1,1,[],[]
9020,1525,2.3_Группа зонирования,nan,#D1F3FF,1,1,[],[]
9040,1525,4.3.1_Товарное направление TOYS&GAMES+BABY WORLD+Оборудование,nan,#D1F3FF,1,1,[],[]
9066,1525,03_Служба торгового зала НЖВ-1,nan,#D1F3FF,1,1,[],[]
9087,1525,03_Служба торгового зала КМС-2,nan,#D1F3FF,1,1,[],[]
9181,1525,12_Отдел внутренней логистики,nan,#D1F3FF,1,1,[],[]
9188,1525,1_Отдел экономики и организации труда,nan,#D1F3FF,1,1,[],[]
9194,1525,2. Секция бизнес-процессов,nan,#D1F3FF,1,1,[],[]
9235,1525,21. Офис Владельца,nan,#D1F3FF,1,1,[],[]
9245,1525,4Е. Отдел продвижения Интернет-магазина,nan,#D1F3FF,1,1,[],[]
9250,1525,5Е. Отдел Понимания ИМ,nan,#D1F3FF,1,1,[],[]
9267,1525,Административное управление,nan,#D1F3FF,1,1,[],[]
7921,1525,9. Отдел учета и отчетности,nan,#D1F3FF,1,1,[],[]
9273,1525,16. Отдел по связям с общественностью,nan,#D1F3FF,1,1,[],[]
9277,1525,20. Офис официальных вопросов,nan,#D1F3FF,1,1,[],[]
9278,1525,10. Отдел планирования и закупок,nan,#D1F3FF,1,1,[],[]
9283,1525,Архив,nan,#D1F3FF,1,1,[],[]
9286,1525,4. Секция техподдержки бизнес-систем,nan,#D1F3FF,1,1,[],[]
9304,1525,3.1. Сектор формирования концепта продукта (понимание) BW,nan,#D1F3FF,1,1,[],[]
9321,1525,1.6. Сектор маркировки,nan,#D1F3FF,1,1,[],[]
9338,1525,1.4. Сектор управления планограммами G,nan,#D1F3FF,1,1,[],[]
9355,1525,1.3. Сектор ценообразования S,nan,#D1F3FF,1,1,[],[]
9254,1525,5. Служба функционального развития бизнес-систем,nan,#D1F3FF,1,1,[],[]
10007,1525,5д. Отдел понимания Зоотовары,nan,#D1F3FF,1,1,[],[]
10008,1525,17. Отдел вводных услуг,nan,#D1F3FF,1,1,[],[]
9257,1525,6а. Отдел продаж через магазины,nan,#D1F3FF,1,1,[],[]
7922,1525,02.1_Финансовый отдел,nan,#D1F3FF,1,1,[],[]
8695,1525,Владивосток-3,nan,#D1F3FF,1,1,[],[]
9013,1525,07.2.3_Группа 1С,nan,#D1F3FF,1,1,[],[]
9041,1525,4.3.2_Товарное направление GARMENT&SHOES,nan,#D1F3FF,1,1,[],[]
9067,1525,04_Отдел обслуживания клиентов НЖВ-1,nan,#D1F3FF,1,1,[],[]
9088,1525,04_Отдел обслуживания клиентов КМС-2,nan,#D1F3FF,1,1,[],[]
9189,1525,3_Отдел статистик и инспекций,nan,#D1F3FF,1,1,[],[]
9195,1525,1. Секция оргсхемы,nan,#D1F3FF,1,1,[],[]
9246,1525,5Е. Отдел понимания Интернет-магазина,nan,#D1F3FF,1,1,[],[]
9255,1525,5.1_ Отдел качества,nan,#D1F3FF,1,1,[],[]
9268,1525,8. Отдел расходов,nan,#D1F3FF,1,1,[],[]
9274,1525,18. Отдел по работе с партнерами,nan,#D1F3FF,1,1,[],[]
9279,1525,1. Сектор поставок СТМ,nan,#D1F3FF,1,1,[],[]
9284,1525,06.1.2.3_Группа парковки 	П0800,nan,#D1F3FF,1,1,[],[]
9021,1525,5. Отдел Понимания,nan,#D1F3FF,1,1,[],[]
9287,1525,3. Секция техподдержки рабочих мест сотрудников,nan,#D1F3FF,1,1,[],[]
9305,1525,3.2. Сектор POS материалов BW,nan,#D1F3FF,1,1,[],[]
9322,1525,2. Секция разработки ТЗ на товары СТМ T&G,nan,#D1F3FF,1,1,[],[]
9339,1525,1.5. Сектор планирования продаж G,nan,#D1F3FF,1,1,[],[]
9356,1525,1.4. Сектор управления планограммами S,nan,#D1F3FF,1,1,[],[]
10451,1525,01_Администрация магазина ВЛД-7,nan,#D1F3FF,1,1,[],[]
6442,1525,4.2_Группа по подбору персонала (розница),nan,#D1F3FF,1,1,[],[]
6443,1525,4.2_Группа по подбору персонала (розница),nan,#D1F3FF,1,1,[],[]
6444,1525,4.2_Группа по подбору персонала (розница),nan,#D1F3FF,1,1,[],[]
6445,1525,4.2_Группа по подбору персонала (розница),nan,#D1F3FF,1,1,[],[]
6446,1525,4.2_Группа по подбору персонала (розница),nan,#D1F3FF,1,1,[],[]
6447,1525,4.2_Группа по подбору персонала (розница),nan,#D1F3FF,1,1,[],[]
6448,1525,4.2_Группа по подбору персонала (розница),nan,#D1F3FF,1,1,[],[]
6449,1525,4.2_Группа по подбору персонала (розница),nan,#D1F3FF,1,1,[],[]
6464,1525,02_Сотрудники магазина,nan,#D1F3FF,1,1,[],[]
7923,1525,02.1_Финансовый отдел,nan,#D1F3FF,1,1,[],[]
6622,1525,01_Администрация магазина ЕКТ-4,nan,#D1F3FF,1,1,[],[]
6621,1525,03_Служба торгового зала ЕКТ-4,nan,#D1F3FF,1,1,[],[]
8696,1525,Комсомольск-1,nan,#D1F3FF,1,1,[],[]
9014,1525,07.2.4_Группа сопровождения E-com,nan,#D1F3FF,1,1,[],[]
9022,1525,1.5.2_Группа администрирования сетей,nan,#D1F3FF,1,1,[],[]
9196,1525,5. Секция должностных папок,nan,#D1F3FF,1,1,[],[]
9256,1525,5.3_Отдел совершенствования,nan,#D1F3FF,1,1,[],[]
9269,1525,7. Отдел доходов,nan,#D1F3FF,1,1,[],[]
9275,1525,Сектор строительства,nan,#D1F3FF,1,1,[],[]
9285,1525,06.2.3_Группа парковки,nan,#D1F3FF,1,1,[],[]
9288,1525,5. Секция техподдержки E-Com,nan,#D1F3FF,1,1,[],[]
9306,1525,3.3. Сектор дисплеев BW,nan,#D1F3FF,1,1,[],[]
9323,1525,3. Секция материалов по пониманию ассортимента T&G,nan,#D1F3FF,1,1,[],[]
9340,1525,1.6. Сектор маркировки,nan,#D1F3FF,1,1,[],[]
9357,1525,1.5. Сектор планирования продаж S,nan,#D1F3FF,1,1,[],[]
9042,1525,5. Секция таможенного оформления,nan,#D1F3FF,1,1,[],[]
9190,1525,6. Секция чистоты и обеспечения офиса,nan,#D1F3FF,1,1,[],[]
9247,1525,6Е. Отдел продаж через Интернет-магазин,nan,#D1F3FF,1,1,[],[]
7924,1525,02.1_Финансовый отдел,nan,#D1F3FF,1,1,[],[]
6704,1525,01_Администрация магазина МРН-1,nan,#D1F3FF,1,1,[],[]
6694,1525,02_Отдел управления ассортиментом и запасами магазина ЕКТ-4,nan,#D1F3FF,1,1,[],[]
6713,1525,02_Отдел управления ассортиментом и запасами магазина МРН-1,nan,#D1F3FF,1,1,[],[]
6711,1525,03_Служба торгового зала МРН-1,nan,#D1F3FF,1,1,[],[]
6690,1525,04_Отдел обслуживания клиентов ЕКТ-4,nan,#D1F3FF,1,1,[],[]
6717,1525,04_Отдел обслуживания клиентов МРН-1,nan,#D1F3FF,1,1,[],[]
6665,1525,02.5_Отдел методологии учёта,nan,#D1F3FF,1,1,[],[]
8697,1525,Бийск-1,nan,#D1F3FF,1,1,[],[]
9023,1525,1.5.1_Группа администрирования серверов,nan,#D1F3FF,1,1,[],[]
9043,1525,6.1_Отдел развития и недвижимости,nan,#D1F3FF,1,1,[],[]
9197,1525,3. Секция нормирования и производительности труда,nan,#D1F3FF,1,1,[],[]
9276,1525,Сектор проектирования и настройки ИТ-инфраструктуры,nan,#D1F3FF,1,1,[],[]
9015,1525,Группа СПФИ,nan,#D1F3FF,1,1,[],[]
9289,1525,4.1 Сектор ТП 1С ERP,nan,#D1F3FF,1,1,[],[]
9307,1525,3.4 Сектор манекенов BW,nan,#D1F3FF,1,1,[],[]
9324,1525,3.1. Сектор формирования концепта продукта (понимания) T&G,nan,#D1F3FF,1,1,[],[]
9341,1525,2. Секция разработки ТЗ на товары СТМ G,nan,#D1F3FF,1,1,[],[]
9358,1525,1.6. Сектор маркировки,nan,#D1F3FF,1,1,[],[]
9248,1525,6б. Отдел продаж через маркетплейсы,nan,#D1F3FF,1,1,[],[]
6705,1525,03.2_Группа сортировки,nan,#D1F3FF,1,1,[],[]
10452,1525,02_Отдел управления ассортиментом и запасами магазина ВЛД-7,nan,#D1F3FF,1,1,[],[]
6712,1525,02_Отдел управления ассортиментом и запасами магазина,nan,#D1F3FF,1,1,[],[]
6728,1525,06.4_Производственная мастерская,nan,#D1F3FF,1,1,[],[]
6767,1525,Проектный офис,nan,#D1F3FF,1,1,[],[]
7925,1525,02.1_Финансовый отдел,nan,#D1F3FF,1,1,[],[]
8698,1525,Биробиджан-1,nan,#D1F3FF,1,1,[],[]
9198,1525,4. Секция управления оплатой труда,nan,#D1F3FF,1,1,[],[]
9044,1525,17. Отдел развития и недвижимости,nan,#D1F3FF,1,1,[],[]
6791,1525,01.2_Служба владельческого контроля,nan,#D1F3FF,1,1,[],[]
6792,1525,Процессный офис,nan,#D1F3FF,1,1,[],[]
6793,1525,Процессный офис,nan,#D1F3FF,1,1,[],[]
6794,1525,Процессный офис,nan,#D1F3FF,1,1,[],[]
6795,1525,Процессный офис,nan,#D1F3FF,1,1,[],[]
6796,1525,Процессный офис,nan,#D1F3FF,1,1,[],[]
6797,1525,Процессный офис,nan,#D1F3FF,1,1,[],[]
6858,1525,Сектор проектирования магазинов,nan,#D1F3FF,1,1,[],[]
9024,1525,2. Секция администрирования инфраструктуры,nan,#D1F3FF,1,1,[],[]
9290,1525,4.4 Сектор ТП GOLD CENTRAL,nan,#D1F3FF,1,1,[],[]
9308,1525,3.5 Сектор каталога BW,nan,#D1F3FF,1,1,[],[]
9325,1525,3.2. Сектор POS материалов T&G,nan,#D1F3FF,1,1,[],[]
9342,1525,3. Секция материалов по пониманию ассортимента G,nan,#D1F3FF,1,1,[],[]
9359,1525,2. Секция разработки ТЗ на товары СТМ S,nan,#D1F3FF,1,1,[],[]
6848,1525,07.4.2_Группа проектирования,nan,#D1F3FF,1,1,[],[]
6849,1525,07.4.2_Группа проектирования,nan,#D1F3FF,1,1,[],[]
6850,1525,07.4.2_Группа проектирования,nan,#D1F3FF,1,1,[],[]
6851,1525,07.4.2_Группа проектирования,nan,#D1F3FF,1,1,[],[]
6852,1525,07.4.4_Группа дизайна,nan,#D1F3FF,1,1,[],[]
6853,1525,07.4.4_Группа дизайна,nan,#D1F3FF,1,1,[],[]
6854,1525,07.4.4_Группа дизайна,nan,#D1F3FF,1,1,[],[]
6855,1525,07.4.4_Группа дизайна,nan,#D1F3FF,1,1,[],[]
6856,1525,07.4.5_Группа сопровождения,nan,#D1F3FF,1,1,[],[]
6857,1525,07.2_Группа проектирования,nan,#D1F3FF,1,1,[],[]
6859,1525,04_Отдел учета ТМЦ,nan,#D1F3FF,1,1,[],[]
6860,1525,04_Отдел учета ТМЦ,nan,#D1F3FF,1,1,[],[]
6861,1525,04_Отдел учета ТМЦ,nan,#D1F3FF,1,1,[],[]
6862,1525,04_Отдел учета ТМЦ,nan,#D1F3FF,1,1,[],[]
6863,1525,04_Отдел учета ТМЦ,nan,#D1F3FF,1,1,[],[]
9731,1525,"04_ Отдел сбора, комплектации и отгрузки заказов",nan,#D1F3FF,1,1,[],[]
9732,1525,05_Секция АХО,nan,#D1F3FF,1,1,[],[]
9736,1525,4. Секция поставок СТМ,nan,#D1F3FF,1,1,[],[]
9740,1525,Сахалин-4,nan,#D1F3FF,1,1,[],[]
9741,1525,01_Администрация магазина ЮСХ-4,nan,#D1F3FF,1,1,[],[]
6901,1525,03.4_Группа по подбору персонала (офис/РЦ),nan,#D1F3FF,1,1,[],[]
7926,1525,02.1_Финансовый отдел,nan,#D1F3FF,1,1,[],[]
8699,1525,Якутск-1,nan,#D1F3FF,1,1,[],[]
6099,1525,4_Операционный департамент,nan,#D1F3FF,1,1,[],[]
9025,1525,4.6_Группа кассовых систем,nan,#D1F3FF,1,1,[],[]
9291,1525,"4.9. Сектор ТП контура ЭДО (ЮЗЭДО, EDI)",nan,#D1F3FF,1,1,[],[]
9309,1525,4. Секция торгового оборудования BW,nan,#D1F3FF,1,1,[],[]
9326,1525,3.3. Сектор дисплеев T&G,nan,#D1F3FF,1,1,[],[]
9343,1525,3.1. Сектор формирования концепта продукта (понимания) G,nan,#D1F3FF,1,1,[],[]
9360,1525,3. Секция материалов по пониманию ассортимента S,nan,#D1F3FF,1,1,[],[]
9199,1525,6. Секция подбора персонала (убрать),nan,#D1F3FF,1,1,[],[]
4329,1525,04.2_Отдел комплектации и отгрузки,nan,#D1F3FF,1,1,[],[]
9742,1525,02_Отдел управления ассортиментом и запасами магазина ЮСХ-4,nan,#D1F3FF,1,1,[],[]
7005,1525,11.1_Отдел маркетинга,nan,#D1F3FF,1,1,[],[]
7006,1525,11.1_Отдел маркетинга,nan,#D1F3FF,1,1,[],[]
7007,1525,11.1_Отдел маркетинга,nan,#D1F3FF,1,1,[],[]
7008,1525,11.1_Отдел маркетинга,nan,#D1F3FF,1,1,[],[]
7009,1525,11.1_Отдел маркетинга,nan,#D1F3FF,1,1,[],[]
7010,1525,11.1_Отдел маркетинга,nan,#D1F3FF,1,1,[],[]
7012,1525,11_Департамент маркетинга,nan,#D1F3FF,1,1,[],[]
10170,1525,03_ Служба торгового зала БСК-1,nan,#2898FF,271,1,[],[]
7113,1525,02_Отдел управления ассортиментом и запасами магазина ПКМ-3,nan,#D1F3FF,1,1,[],[]
7051,1525,03_Служба торгового зала ПКМ-3,nan,#D1F3FF,1,1,[],[]
8700,1525,Якутск-2,nan,#D1F3FF,1,1,[],[]
9026,1525,1.4.2_Группа техподдержки Магазинов,nan,#D1F3FF,1,1,[],[]
7033,1525,08.5_Юридическая служба,nan,#D1F3FF,1,1,[],[]
7034,1525,08.6_Отдел маркетинга,nan,#D1F3FF,1,1,[],[]
7927,1525,3.1_Финансовый отдел,nan,#D1F3FF,1,1,[],[]
9200,1525,7. Секция адаптации и введения в должность,nan,#D1F3FF,1,1,[],[]
9292,1525,"4.15. Сектор ТП бизнес-систем магазина (RSTAT, Es-Hella, NetQIS, RCall)",nan,#D1F3FF,1,1,[],[]
9310,1525,5. Секция indoor промоакций BW,nan,#D1F3FF,1,1,[],[]
9327,1525,3.4. Сектор манекенов T&G,nan,#D1F3FF,1,1,[],[]
9344,1525,3.2. Сектор POS материалов G,nan,#D1F3FF,1,1,[],[]
9361,1525,3.1. Сектор формирования концепта продукта (понимания) S,nan,#D1F3FF,1,1,[],[]
9743,1525,03_Служба торгового зала ЮСХ-4,nan,#D1F3FF,1,1,[],[]
7052,1525,11.1_Отдел маркетинговых коммуникаций,nan,#D1F3FF,1,1,[],[]
7053,1525,11.1_Отдел маркетинговых коммуникаций,nan,#D1F3FF,1,1,[],[]
7054,1525,11.2_Отдел управления клиентами,nan,#D1F3FF,1,1,[],[]
7055,1525,11.2_Отдел управления клиентами,nan,#D1F3FF,1,1,[],[]
7057,1525,01.1.1_Отдел контроля (РЦ Янковский),nan,#D1F3FF,1,1,[],[]
7058,1525,01.1.1_Отдел контроля (РЦ Янковский),nan,#D1F3FF,1,1,[],[]
7059,1525,01.1.1_Отдел контроля (РЦ Янковский),nan,#D1F3FF,1,1,[],[]
7060,1525,01.1.1_Отдел контроля (РЦ Янковский),nan,#D1F3FF,1,1,[],[]
7061,1525,01.1.1_Отдел контроля (РЦ Янковский),nan,#D1F3FF,1,1,[],[]
7062,1525,01.1.1_Отдел контроля (РЦ Янковский),nan,#D1F3FF,1,1,[],[]
7063,1525,01.1.1_Отдел контроля (РЦ Янковский),nan,#D1F3FF,1,1,[],[]
7064,1525,01.1.1_Отдел контроля (РЦ Янковский),nan,#D1F3FF,1,1,[],[]
7065,1525,01.1.1_Отдел контроля (РЦ Янковский),nan,#D1F3FF,1,1,[],[]
7066,1525,11.3_Группа дизайна,nan,#D1F3FF,1,1,[],[]
7067,1525,11.3_Группа дизайна,nan,#D1F3FF,1,1,[],[]
7068,1525,09.1.3_Группа кассовых систем,nan,#D1F3FF,1,1,[],[]
10453,1525,03_Служба торгового зала ВЛД-7,nan,#D1F3FF,1,1,[],[]
7151,1525,01_Администрация магазина ПКМ-3,nan,#D1F3FF,1,1,[],[]
7152,1525,04_Отдел обслуживания клиентов ПКМ-3,nan,#D1F3FF,1,1,[],[]
8701,1525,Благовещенск-1,nan,#D1F3FF,1,1,[],[]
9027,1525,1.4.1_Группа первой линии техподдержки,nan,#D1F3FF,1,1,[],[]
7928,1525,3_Финансовый департамент,nan,#D1F3FF,1,1,[],[]
9201,1525,8. Секция кадрового учета,nan,#D1F3FF,1,1,[],[]
9293,1525,"4.16. Сектор ТП БС собственной разработки (Альфа, Бэта, Гамма, Бубль-Голд, скрипты)",nan,#D1F3FF,1,1,[],[]
9311,1525,5.1. Сектор акционного буклета  BW,nan,#D1F3FF,1,1,[],[]
9328,1525,3.5. Сектор каталога T&G,nan,#D1F3FF,1,1,[],[]
9345,1525,3.3. Сектор манекенов G,nan,#D1F3FF,1,1,[],[]
9362,1525,3.2. Сектор POS материалов S,nan,#D1F3FF,1,1,[],[]
9744,1525,04_Отдел обслуживания клиентов ЮСХ-4,nan,#D1F3FF,1,1,[],[]
10261,1525,2. Группа оценки эффективности деятельности,nan,#D1F3FF,1,1,[],[]
10284,1525,Владивосток-7,nan,#D1F3FF,1,1,[],[]
10295,1525,Артем-2,nan,#D1F3FF,1,1,[],[]
10454,1525,04_Отдел обслуживания клиентов ВЛД-7,nan,#D1F3FF,1,1,[],[]
